datetime_ist,epoch,spread,macd,signal,macd_hist
2025-03-24 09:15:00+05:30,1742787900,-71.39999999999998,0.0,0.0,0.0
2025-03-24 09:20:00+05:30,1742788200,-67.5,0.0030098398610931554,0.0006019679722186311,0.002407871888874524
2025-03-24 09:25:00+05:30,1742788500,-66.60000000000002,0.006547012564169563,0.0017909768906088177,0.004756035673560746
2025-03-24 09:30:00+05:30,1742788800,-66.30000000000001,0.01011684104614119,0.003456149721715292,0.0066606913244258974
2025-03-24 09:35:00+05:30,1742789100,-65.35000000000002,0.014216420897383841,0.005608203956849002,0.00860821694053484
2025-03-24 09:40:00+05:30,1742789400,-65.80000000000001,0.017733105444492026,0.008033184254377606,0.00969992119011442
2025-03-24 09:45:00+05:30,1742789700,-70.80000000000001,0.017184640303540277,0.00986347546421014,0.0073211648393301364
2025-03-24 09:50:00+05:30,1742790000,-70.39999999999998,0.016961667259622004,0.011283113823292515,0.005678553436329489
2025-03-24 09:55:00+05:30,1742790300,-70.55000000000001,0.01662205861379107,0.012350902781392226,0.004271155832398843
2025-03-24 10:00:00+05:30,1742790600,-73.30000000000001,0.014165907544850143,0.01271390373408381,0.0014520038107663329
2025-03-24 10:05:00+05:30,1742790900,-71.30000000000001,0.01337691512406991,0.012846506012081031,0.000530409111988879
2025-03-24 10:10:00+05:30,1742791200,-72.09999999999997,0.012003428431057728,0.012677890495876372,-0.0006744620648186442
2025-03-24 10:15:00+05:30,1742791500,-68.25,0.013667189761804366,0.012875750349061972,0.0007914394127423938
2025-03-24 10:20:00+05:30,1742791800,-69.35000000000002,0.014380309190755725,0.013176662117400723,0.0012036470733550013
2025-03-24 10:25:00+05:30,1742792100,-70.0,0.014541615547244646,0.01344965280336951,0.001091962743875137
2025-03-24 10:30:00+05:30,1742792400,-66.70000000000005,0.017229648226816607,0.01420565188805893,0.0030239963387576774
2025-03-24 10:35:00+05:30,1742792700,-68.44999999999999,0.018406525229380577,0.01504582655632326,0.003360698673057317
2025-03-24 10:40:00+05:30,1742793000,-76.54999999999995,0.01325350464954056,0.01468736217496672,-0.001433857525426161
2025-03-24 10:45:00+05:30,1742793300,-68.14999999999998,0.014855344927525493,0.014720958725478475,0.00013438620204701823
2025-03-24 10:50:00+05:30,1742793600,-74.00000000000006,0.011843188674788507,0.014145404715340483,-0.002302216040551976
2025-03-24 10:55:00+05:30,1742793900,-75.34999999999997,0.007945074409533959,0.01290533865417918,-0.0049602642446452214
2025-03-24 11:00:00+05:30,1742794200,-77.55000000000001,0.002556565421855339,0.010835584007714413,-0.008279018585859074
2025-03-24 11:05:00+05:30,1742794500,-65.0,0.007146854483721654,0.010097838102915861,-0.002950983619194207
2025-03-24 11:10:00+05:30,1742794800,-72.04999999999995,0.006039240880824082,0.009286118658497506,-0.0032468777776734244
2025-03-24 11:15:00+05:30,1742795100,-77.5,0.0007815993596693716,0.007585214798731879,-0.0068036154390625075
2025-03-24 11:20:00+05:30,1742795400,-71.54999999999995,0.0004033797552693841,0.00614884779003938,-0.005745468034769996
2025-03-24 11:25:00+05:30,1742795700,-74.5,-0.002231100538182318,0.004472858124395041,-0.006703958662577359
2025-03-24 11:30:00+05:30,1742796000,-72.10000000000002,-0.0028672947414492,0.0030048275512261926,-0.005872122292675393
2025-03-24 11:35:00+05:30,1742796300,-69.94999999999999,-0.0018071454500727668,0.002042432950966401,-0.003849578401039168
2025-03-24 11:40:00+05:30,1742796600,-73.5,-0.0035434178868314348,0.0009252627834068338,-0.004468680670238269
2025-03-24 11:45:00+05:30,1742796900,-74.25,-0.005760632819530542,-0.0004119163371806414,-0.005348716482349901
2025-03-24 11:50:00+05:30,1742797200,-72.10000000000002,-0.006192640040055153,-0.0015680610777555437,-0.004624578962299609
2025-03-24 11:55:00+05:30,1742797500,-65.60000000000002,-0.0015797966700432653,-0.001570408196213088,-9.388473830177282e-06
2025-03-24 12:00:00+05:30,1742797800,-70.64999999999998,-0.0011158493699525707,-0.0014794964309609846,0.00036364706100841396
2025-03-24 12:05:00+05:30,1742798100,-73.35000000000002,-0.0027601979671629806,-0.0017356367382013842,-0.0010245612289615964
2025-03-24 12:10:00+05:30,1742798400,-70.65000000000003,-0.002228579789630203,-0.0018342253484871479,-0.000394354441143055
2025-03-24 12:15:00+05:30,1742798700,-77.94999999999993,-0.007358174277200646,-0.002939015134229848,-0.004419159142970799
2025-03-24 12:20:00+05:30,1742799000,-74.24999999999994,-0.009345527296204637,-0.004220317566624806,-0.005125209729579831
2025-03-24 12:25:00+05:30,1742799300,-66.89999999999998,-0.005544381305654156,-0.0044851303144306754,-0.0010592509912234803
2025-03-24 12:30:00+05:30,1742799600,-74.0,-0.007426690444589212,-0.005073442340462383,-0.002353248104126829
2025-03-24 12:35:00+05:30,1742799900,-81.80000000000001,-0.015219807502248273,-0.007102715372819561,-0.008117092129428712
2025-03-24 12:40:00+05:30,1742800200,-75.5,-0.017712109496358153,-0.009224594197527278,-0.008487515298830874
2025-03-24 12:45:00+05:30,1742800500,-81.25000000000006,-0.024491762020204533,-0.01227802776206273,-0.012213734258141803
2025-03-24 12:50:00+05:30,1742800800,-74.25,-0.02547874845012643,-0.01491817189967547,-0.010560576550450961
2025-03-24 12:55:00+05:30,1742801100,-76.14999999999998,-0.027858322350638787,-0.017506201989868134,-0.010352120360770652
2025-03-24 13:00:00+05:30,1742801400,-58.299999999999955,-0.016310203355715203,-0.01726700226303755,0.0009567989073223475
2025-03-24 13:05:00+05:30,1742801700,-55.549999999999955,-0.0032599475637766773,-0.014465591323185376,0.011205643759408699
2025-03-24 13:10:00+05:30,1742802000,-76.14999999999998,-0.006820386901040365,-0.012936550438756375,0.00611616353771601
2025-03-24 13:15:00+05:30,1742802300,-76.64999999999998,-0.010566346917570968,-0.012462509734519294,0.0018961628169483265
2025-03-24 13:20:00+05:30,1742802600,-73.05000000000001,-0.011320580514578182,-0.012234123890531072,0.0009135433759528896
2025-03-24 13:25:00+05:30,1742802900,-73.99999999999994,-0.012757915662106711,-0.012338882244846201,-0.0004190334172605101
2025-03-24 13:30:00+05:30,1742803200,-79.34999999999997,-0.018235529635688863,-0.013518211723014734,-0.004717317912674129
2025-03-24 13:35:00+05:30,1742803500,-75.25,-0.020234736415176258,-0.01486151666144704,-0.005373219753729218
2025-03-24 13:40:00+05:30,1742803800,-83.10000000000002,-0.028167048795467053,-0.017522623088251043,-0.01064442570721601
2025-03-24 13:45:00+05:30,1742804100,-74.90000000000003,-0.029314594648440107,-0.01988101740028886,-0.009433577248151248
2025-03-24 13:50:00+05:30,1742804400,-78.14999999999998,-0.03288483751069293,-0.022481781422369673,-0.01040305608832326
2025-03-24 13:55:00+05:30,1742804700,-77.94999999999999,-0.03607972086629729,-0.0252013693111552,-0.010878351555142093
2025-03-24 14:00:00+05:30,1742805000,-76.70000000000005,-0.038107005194987664,-0.027782496487921696,-0.010324508707065968
2025-03-24 14:05:00+05:30,1742805300,-83.05000000000007,-0.04489443292129636,-0.03120488377459663,-0.013689549146699728
2025-03-24 14:10:00+05:30,1742805600,-80.20000000000005,-0.049075800989896834,-0.034779067217656674,-0.01429673377224016
2025-03-24 14:15:00+05:30,1742805900,-78.04999999999995,-0.05133090787087724,-0.03808943534830079,-0.013241472522576452
2025-03-24 14:20:00+05:30,1742806200,-67.75,-0.04547376817927784,-0.0395663019144962,-0.005907466264781641
2025-03-24 14:25:00+05:30,1742806500,-69.54999999999995,-0.041291629953946085,-0.03991136752238618,-0.001380262431559906
2025-03-24 14:30:00+05:30,1742806800,-82.34999999999991,-0.047185231789626414,-0.04136614037583423,-0.0058190914137921865
2025-03-24 14:35:00+05:30,1742807100,-75.64999999999998,-0.0475487306254081,-0.042602658425749,-0.0049460721996590976
2025-03-24 14:40:00+05:30,1742807400,-75.94999999999993,-0.048087141945870826,-0.043699555129773374,-0.004387586816097452
2025-03-24 14:45:00+05:30,1742807700,-77.95000000000005,-0.05010244746219428,-0.044980133596257556,-0.0051223138659367215
2025-03-24 14:50:00+05:30,1742808000,-77.30000000000007,-0.05146701854739888,-0.046277510586485826,-0.0051895079609130534
2025-03-24 14:55:00+05:30,1742808300,-78.25,-0.05345026486656934,-0.047712061442502535,-0.005738203424066807
2025-03-24 15:00:00+05:30,1742808600,-74.05000000000007,-0.05204222370473133,-0.0485780938949483,-0.0034641298097830286
2025-03-24 15:05:00+05:30,1742808900,-79.75000000000006,-0.05507016841886525,-0.04987650879973169,-0.00519365961913356
2025-03-24 15:10:00+05:30,1742809200,-76.84999999999997,-0.05565161169126043,-0.05103152937803744,-0.004620082313222987
2025-03-24 15:15:00+05:30,1742809500,-78.15000000000009,-0.05716152566861865,-0.05225752863615368,-0.004903997032464968
2025-03-24 15:20:00+05:30,1742809800,-77.35000000000002,-0.057927186959858545,-0.05339146030089466,-0.004535726658963887
2025-03-24 15:25:00+05:30,1742810100,-81.55000000000007,-0.06184755468470371,-0.05508267917765647,-0.006764875507047241
2025-03-25 09:15:00+05:30,1742874300,-77.94999999999993,-0.06272706293577812,-0.0566115559292808,-0.006115507006497323
2025-03-25 09:20:00+05:30,1742874600,-78.10000000000002,-0.0636257321756517,-0.05801439117855498,-0.005611340997096724
2025-03-25 09:25:00+05:30,1742874900,-80.35000000000002,-0.06616250193785334,-0.05964401333041465,-0.0065184886074386855
2025-03-25 09:30:00+05:30,1742875200,-84.64999999999998,-0.07182775083948911,-0.06208076083222955,-0.009746990007259565
2025-03-25 09:35:00+05:30,1742875500,-77.10000000000002,-0.07130040053382913,-0.06392468877254948,-0.0073757117612796574
2025-03-25 09:40:00+05:30,1742875800,-78.85000000000002,-0.07209748894797485,-0.06555924880763456,-0.006538240140340296
2025-03-25 09:45:00+05:30,1742876100,-81.14999999999998,-0.07457029353702183,-0.06736145775351202,-0.007208835783509809
2025-03-25 09:50:00+05:30,1742876400,-74.60000000000002,-0.0717950646170209,-0.0682481791262138,-0.003546885490807103
2025-03-25 09:55:00+05:30,1742876700,-111.89999999999998,-0.09790291205334256,-0.07417912571163955,-0.02372378634170301
2025-03-25 10:00:00+05:30,1742877000,-100.20000000000005,-0.1134751159781473,-0.0820383237649411,-0.031436792213206194
2025-03-25 10:05:00+05:30,1742877300,-94.0,-0.12332159997656333,-0.09029497900726556,-0.033026620969297774
2025-03-25 10:10:00+05:30,1742877600,-90.5,-0.12983223835362878,-0.09820243087653821,-0.03162980747709057
2025-03-25 10:15:00+05:30,1742877900,-73.55000000000007,-0.12280470380910913,-0.1031228854630524,-0.01968181834605673
2025-03-25 10:20:00+05:30,1742878200,-77.64999999999998,-0.11923165527568358,-0.10634463942557863,-0.012887015850104946
2025-03-25 10:25:00+05:30,1742878500,-88.04999999999995,-0.12378861236879857,-0.10983343401422263,-0.013955178354575937
2025-03-25 10:30:00+05:30,1742878800,-86.80000000000007,-0.12703564658637845,-0.1132738765286538,-0.013761770057724651
2025-03-25 10:35:00+05:30,1742879100,-68.70000000000005,-0.11603797690580109,-0.11382669660408326,-0.0022112803017178273
2025-03-25 10:40:00+05:30,1742879400,-82.60000000000002,-0.11628074447810377,-0.11431750617888736,-0.0019632382992164077
2025-03-25 10:45:00+05:30,1742879700,-81.89999999999998,-0.1158802419426479,-0.11463005333163948,-0.0012501886110084237
2025-03-25 10:50:00+05:30,1742880000,-74.20000000000005,-0.10946974939220411,-0.11359799254375241,0.004128243151548305
2025-03-25 10:55:00+05:30,1742880300,-61.0,-0.09313888271225323,-0.10950617057745259,0.01636728786519935
2025-03-25 11:00:00+05:30,1742880600,-84.05000000000007,-0.09541990308734682,-0.10668891707943144,0.011269013992084617
2025-03-25 11:05:00+05:30,1742880900,-78.89999999999998,-0.09352776324656986,-0.10405668631285914,0.010528923066289275
2025-03-25 11:10:00+05:30,1742881200,-73.04999999999995,-0.08715236210187527,-0.10067582147066237,0.0135234593687871
2025-03-25 11:15:00+05:30,1742881500,-79.75,-0.08622978836923778,-0.09778661485037746,0.011556826481139676
2025-03-25 11:20:00+05:30,1742881800,-77.29999999999995,-0.08340042161836436,-0.09490937620397485,0.011508954585610492
2025-03-25 11:25:00+05:30,1742882100,-91.94999999999999,-0.09196791739320531,-0.09432108444182095,0.0023531670486156425
2025-03-25 11:30:00+05:30,1742882400,-91.94999999999999,-0.0999949847540762,-0.095455864504272,-0.004539120249804199
2025-03-25 11:35:00+05:30,1742882700,-92.75,-0.10812244434542606,-0.09798918047250282,-0.010133263872923237
2025-03-25 11:40:00+05:30,1742883000,-60.14999999999998,-0.09056194555334685,-0.09650373348867164,0.005941787935324794
2025-03-25 11:45:00+05:30,1742883300,-63.0,-0.0760932727066006,-0.09242164133225744,0.01632836862565684
2025-03-25 11:50:00+05:30,1742883600,-91.89999999999998,-0.0846623637027335,-0.09086978580635266,0.006207422103619159
2025-03-25 11:55:00+05:30,1742883900,-60.89999999999998,-0.06877220883784219,-0.08645027041265058,0.01767806157480839
2025-03-25 12:00:00+05:30,1742884200,-90.0,-0.07615770806252442,-0.08439175794262535,0.00823404988010093
2025-03-25 12:05:00+05:30,1742884500,-71.64999999999998,-0.06891806497348796,-0.08129701934879788,0.01237895437530992
2025-03-25 12:10:00+05:30,1742884800,-71.64999999999998,-0.06202192687717911,-0.07744200085447413,0.015420073977295015
2025-03-25 12:15:00+05:30,1742885100,-90.0,-0.06961747612639613,-0.07587709590885852,0.0062596197824623945
2025-03-25 12:20:00+05:30,1742885400,-90.0,-0.07674310334373047,-0.07605029739583291,-0.0006928059478975568
2025-03-25 12:25:00+05:30,1742885700,-90.0,-0.08341905845163922,-0.07752404960699417,-0.005895008844645042
2025-03-25 12:30:00+05:30,1742886000,-73.54999999999995,-0.0769694786407058,-0.0774131354137365,0.0004436567730306956
2025-03-25 12:35:00+05:30,1742886300,-84.25,-0.07907166474751648,-0.0777448412804925,-0.0013268234670239798
2025-03-25 12:40:00+05:30,1742886600,-82.89999999999998,-0.07995577107170959,-0.07818702723873591,-0.0017687438329736793
2025-03-25 12:45:00+05:30,1742886900,-65.64999999999998,-0.06741697381103506,-0.07603301655319575,0.008616042742160684
2025-03-25 12:50:00+05:30,1742887200,-80.89999999999998,-0.06728245023872148,-0.0742829032903009,0.007000453051579425
2025-03-25 12:55:00+05:30,1742887500,-75.0,-0.06255002485156069,-0.07193632760255286,0.00938630275099217
2025-03-25 13:00:00+05:30,1742887800,-59.64999999999998,-0.046182216232793394,-0.06678550532860097,0.02060328909580758
2025-03-25 13:05:00+05:30,1742888100,-79.14999999999998,-0.04572483184377063,-0.06257337063163491,0.016848538787864284
2025-03-25 13:10:00+05:30,1742888400,-74.0,-0.041282689175588416,-0.05831523434042562,0.017032545164837203
2025-03-25 13:15:00+05:30,1742888700,-105.75,-0.061555274996891285,-0.05896324247171875,-0.0025920325251725315
2025-03-25 13:20:00+05:30,1742889000,-86.89999999999998,-0.06612196935124359,-0.060394987847623725,-0.005726981503619867
2025-03-25 13:25:00+05:30,1742889300,-104.05000000000001,-0.08362298184681549,-0.06504058664746208,-0.01858239519935341
2025-03-25 13:30:00+05:30,1742889600,-104.05000000000001,-0.10010049839868884,-0.07205256899770744,-0.0280479294009814
2025-03-25 13:35:00+05:30,1742889900,-121.94999999999999,-0.1294122775987887,-0.08352451071792369,-0.045887766880865016
2025-03-25 13:40:00+05:30,1742890200,-96.75,-0.1375698614673837,-0.0943335808678157,-0.04323628059956801
2025-03-25 13:45:00+05:30,1742890500,-92.69999999999993,-0.14204868144159377,-0.10387660098257132,-0.038172080459022456
2025-03-25 13:50:00+05:30,1742890800,-103.89999999999998,-0.15481610268949453,-0.11406450132395596,-0.04075160136553857
2025-03-25 13:55:00+05:30,1742891100,-73.14999999999998,-0.14303302962036923,-0.11985820698323862,-0.02317482263713061
2025-03-25 14:00:00+05:30,1742891400,-75.80000000000007,-0.13383036570292006,-0.12265263872717493,-0.011177726975745136
2025-03-25 14:05:00+05:30,1742891700,-75.80000000000007,-0.1250286732478969,-0.12312784563131933,-0.0019008276165775745
2025-03-25 14:10:00+05:30,1742892000,-75.80000000000007,-0.11661277395596414,-0.1218248312962483,0.005212057340284154
2025-03-25 14:15:00+05:30,1742892300,-75.80000000000007,-0.10856802347804262,-0.11917346973260717,0.010605446254564554
2025-03-25 14:20:00+05:30,1742892600,-81.0,-0.10489341327445345,-0.11631745844097643,0.011424045166522984
2025-03-25 14:25:00+05:30,1742892900,-73.35000000000002,-0.09543528303318283,-0.11214102335941772,0.016705740326234897
2025-03-25 14:30:00+05:30,1742893200,-73.35000000000002,-0.08642175396042262,-0.10699716947961871,0.02057541551919609
2025-03-25 14:35:00+05:30,1742893500,-64.29999999999995,-0.07085104858836644,-0.09976794530136826,0.028916896713001822
2025-03-25 14:40:00+05:30,1742893800,-72.29999999999995,-0.062252883469327,-0.09226493293496002,0.030012049465633017
2025-03-25 14:45:00+05:30,1742894100,-85.75,-0.06445789553721681,-0.08670352545541138,0.022245629918194565
2025-03-25 14:50:00+05:30,1742894400,-77.80000000000007,-0.06035689660581056,-0.08143419968549122,0.021077303079680657
2025-03-25 14:55:00+05:30,1742894700,-77.80000000000007,-0.05643402927967145,-0.07643416560432727,0.020000136324655818
2025-03-25 15:00:00+05:30,1742895000,-74.20000000000005,-0.049904246692776155,-0.07112818182201705,0.021223935129240895
2025-03-25 15:05:00+05:30,1742895300,-86.05000000000007,-0.05283902927430972,-0.06747035131247558,0.014631322038165862
2025-03-25 15:10:00+05:30,1742895600,-70.64999999999998,-0.043687214446947564,-0.06271372393936998,0.01902650949242242
2025-03-25 15:15:00+05:30,1742895900,-70.64999999999998,-0.03500315315096714,-0.05717160978168941,0.022168456630722276
2025-03-25 15:20:00+05:30,1742896200,-84.5,-0.03745670728918071,-0.053228629283187674,0.01577192199400696
2025-03-25 15:25:00+05:30,1742896500,-77.25000000000006,-0.03415169762182302,-0.049413242950914746,0.015261545329091727
2025-03-26 09:35:00+05:30,1742961900,-96.25,-0.04566475007196402,-0.04866354437512461,0.002998794303160586
2025-03-26 09:40:00+05:30,1742962200,-66.54999999999995,-0.0335906202153069,-0.04564895954316107,0.012058339327854169
2025-03-26 09:45:00+05:30,1742962500,-82.05000000000007,-0.03411434688931081,-0.04334203701239102,0.00922769012308021
2025-03-26 09:50:00+05:30,1742962800,-76.84999999999997,-0.03056992851932705,-0.04078761531377823,0.010217686794451182
2025-03-26 09:55:00+05:30,1742963100,-92.20000000000005,-0.03904255338743212,-0.04043860292850901,0.001396049541076888
2025-03-26 10:00:00+05:30,1742963400,-90.15000000000003,-0.045438698287171064,-0.041438622000241426,-0.004000076286929638
2025-03-26 10:05:00+05:30,1742963700,-76.65000000000003,-0.04103062556299619,-0.04135702271279238,0.00032639714979618845
2025-03-26 10:10:00+05:30,1742964000,-93.59999999999997,-0.049913652617220805,-0.043068348693678066,-0.006845303923542739
2025-03-26 10:15:00+05:30,1742964300,-72.5,-0.04198741200912082,-0.042852161356766616,0.000864749347645799
2025-03-26 10:20:00+05:30,1742964600,-64.95000000000005,-0.028636340740121113,-0.04000899723343752,0.011372656493316403
2025-03-26 10:25:00+05:30,1742964900,-78.15000000000003,-0.02618188511407027,-0.03724357480956407,0.011061689695493801
2025-03-26 10:30:00+05:30,1742965200,-70.10000000000002,-0.017629096062862004,-0.03332067906022366,0.015691582997361654
2025-03-26 10:35:00+05:30,1742965500,-71.54999999999995,-0.01065039069027307,-0.02878662138623354,0.01813623069596047
2025-03-26 10:40:00+05:30,1742965800,-88.75,-0.0173200261942128,-0.026493302347829394,0.009173276153616593
2025-03-26 10:45:00+05:30,1742966100,-74.64999999999998,-0.012729106693726067,-0.02374046321700873,0.011011356523282664
2025-03-26 10:50:00+05:30,1742966400,-74.64999999999998,-0.008379920689563392,-0.020668354711519666,0.012288434021956274
2025-03-26 10:55:00+05:30,1742966700,-58.85000000000002,0.007931131194894192,-0.014948457530236896,0.022879588725131086
2025-03-26 11:00:00+05:30,1742967000,-103.50000000000006,-0.011116501709366844,-0.014182066366062887,0.003065564656696043
2025-03-26 11:05:00+05:30,1742967300,-88.00000000000006,-0.01714966543522678,-0.014775586179895666,-0.0023740792553311133
2025-03-26 11:10:00+05:30,1742967600,-88.00000000000006,-0.02283900952768647,-0.01638827084945383,-0.006450738678232641
2025-03-26 11:15:00+05:30,1742967900,-76.40000000000003,-0.01924663844354768,-0.0169599443682726,-0.00228669407527508
2025-03-26 11:20:00+05:30,1742968200,-76.40000000000003,-0.015836255944037703,-0.016735206683425624,0.0008989507393879215
2025-03-26 11:25:00+05:30,1742968500,-64.90000000000003,-0.0037253532064482897,-0.014133235988030157,0.010407882781581867
2025-03-26 11:30:00+05:30,1742968800,-64.90000000000003,0.007724813477764769,-0.009761626094871172,0.01748643957263594
2025-03-26 11:35:00+05:30,1742969100,-64.90000000000003,0.018541612114077566,-0.004100978453081425,0.02264259056715899
2025-03-26 11:40:00+05:30,1742969400,-64.90000000000003,0.028751399895455165,0.0024694972166258936,0.026281902678829273
2025-03-26 11:45:00+05:30,1742969700,-46.650000000000034,0.05246406529028036,0.012468410831356788,0.03999565445892357
2025-03-26 11:50:00+05:30,1742970000,-73.35000000000002,0.05423109047029584,0.0208209467591446,0.03341014371115124
2025-03-26 11:55:00+05:30,1742970300,-79.59999999999997,0.05103597798623127,0.026863953004561937,0.024172024981669336
2025-03-26 12:00:00+05:30,1742970600,-72.70000000000005,0.053301654241025176,0.03215149325185459,0.021150160989170587
2025-03-26 12:05:00+05:30,1742970900,-67.0,0.05980104481700721,0.03768140356488511,0.022119641252122096
2025-03-26 12:10:00+05:30,1742971200,-70.75,0.0630040759288022,0.04274593803766853,0.020258137891133662
2025-03-26 12:15:00+05:30,1742971500,-64.79999999999995,0.07057491002352378,0.048311732434839584,0.0222631775886842
2025-03-26 12:20:00+05:30,1742971800,-65.94999999999993,0.0767889205560266,0.054007170059076993,0.022781750496949603
2025-03-26 12:25:00+05:30,1742972100,-64.54999999999995,0.08368363055342343,0.05994246215794628,0.023741168395477144
2025-03-26 12:30:00+05:30,1742972400,-74.45000000000005,0.08249560233713282,0.06445309019378359,0.018042512143349232
2025-03-26 12:35:00+05:30,1742972700,-70.95000000000005,0.08401014359877479,0.06836450087478184,0.01564564272399295
2025-03-26 12:40:00+05:30,1742973000,-80.20000000000005,0.07823813840225569,0.07033922838027662,0.007898910021979066
2025-03-26 12:45:00+05:30,1742973300,-77.0,0.075191639075328,0.0713097105192869,0.003881928556041095
2025-03-26 12:50:00+05:30,1742973600,-70.05000000000001,0.07761773076761358,0.07257131456895224,0.005046416198661335
2025-03-26 12:55:00+05:30,1742973900,-58.69999999999999,0.08861038989890346,0.07577912963494249,0.012831260263960975
2025-03-26 13:00:00+05:30,1742974200,-76.34999999999997,0.08531087138156579,0.07768547798426714,0.0076253933972986465
2025-03-26 13:05:00+05:30,1742974500,-71.55000000000001,0.08583072769991418,0.07931452792739654,0.0065161997725176335
2025-03-26 13:10:00+05:30,1742974800,-72.50000000000006,0.08552269242936461,0.08055616082779017,0.004966531601574439
2025-03-26 13:15:00+05:30,1742975100,-71.35000000000002,0.08605305022213372,0.08165553870665888,0.004397511515474836
2025-03-26 13:20:00+05:30,1742975400,-71.19999999999999,0.08660369861607364,0.08264517068854184,0.003958527927531805
2025-03-26 13:25:00+05:30,1742975700,-69.60000000000002,0.08829214385774264,0.083774565322382,0.004517578535360639
2025-03-26 13:30:00+05:30,1742976000,-64.19999999999999,0.09398740233032754,0.08581713272397112,0.008170269606356417
2025-03-26 13:35:00+05:30,1742976300,-71.65000000000003,0.09354849082114924,0.08736340434340675,0.006185086477742491
2025-03-26 13:40:00+05:30,1742976600,-68.80000000000001,0.09526093121343138,0.08894290971741167,0.0063180214960197045
2025-03-26 13:45:00+05:30,1742976900,-67.69999999999999,0.09765495046038097,0.09068531786600553,0.006969632594375441
2025-03-26 13:50:00+05:30,1742977200,-73.89999999999998,0.09505755136505911,0.09155976456581624,0.003497786799242869
2025-03-26 13:55:00+05:30,1742977500,-72.09999999999997,0.0939182713393194,0.09203146592051688,0.0018868054188025257
2025-03-26 14:00:00+05:30,1742977800,-60.30000000000001,0.10187563079688289,0.09400029889579008,0.00787533190109281
2025-03-26 14:05:00+05:30,1742978100,-81.60000000000002,0.09287999148749293,0.09377623741413066,-0.0008962459266377287
2025-03-26 14:10:00+05:30,1742978400,-72.34999999999997,0.09144430618117383,0.0933098511675393,-0.0018655449863654722
2025-03-26 14:15:00+05:30,1742978700,-83.75,0.08121872263103569,0.09089162546023859,-0.009672902829202898
2025-03-26 14:20:00+05:30,1742979000,-80.25,0.07419190250702457,0.08755168086959579,-0.013359778362571226
2025-03-26 14:25:00+05:30,1742979300,-77.25,0.06980811717082247,0.08400296812984112,-0.014194850959018651
2025-03-26 14:30:00+05:30,1742979600,-75.80000000000001,0.06672970759515806,0.0805483160229045,-0.013818608427746445
2025-03-26 14:35:00+05:30,1742979900,-83.0,0.05821185165429199,0.076081023149182,-0.017869171494890007
2025-03-26 14:40:00+05:30,1742980200,-65.79999999999995,0.0633899678686447,0.07354281209307455,-0.010152844224429844
2025-03-26 14:45:00+05:30,1742980500,-69.59999999999997,0.06530276575841754,0.07189480282614315,-0.006592037067725612
2025-03-26 14:50:00+05:30,1742980800,-77.29999999999995,0.061117850805487706,0.06973941242201206,-0.00862156161652436
2025-03-26 14:55:00+05:30,1742981100,-68.75,0.06371357340675843,0.06853424461896135,-0.0048206712122029205
2025-03-26 15:00:00+05:30,1742981400,-70.0,0.06515320117638623,0.06785803593044633,-0.0027048347540600953
2025-03-26 15:05:00+05:30,1742981700,-60.5,0.07379532420141288,0.06904549358463964,0.00474983061677324
2025-03-26 15:10:00+05:30,1742982000,-68.0,0.07611880083709366,0.07046015503513045,0.005658645801963208
2025-03-26 15:15:00+05:30,1742982300,-74.5,0.07323981894144538,0.07101608781639344,0.0022237311250519337
2025-03-26 15:20:00+05:30,1742982600,-71.59999999999997,0.07270015241964245,0.07135290073704326,0.0013472516825991931
2025-03-26 15:25:00+05:30,1742982900,-71.84999999999997,0.07194101159386435,0.07147052290840748,0.00047048868545686295
2025-03-27 09:15:00+05:30,1743047100,-61.69999999999999,0.07900124795276042,0.07297666791727807,0.006024580035482355
2025-03-27 09:20:00+05:30,1743047400,-78.5,0.0726481885142789,0.07291097203667823,-0.00026278352239933467
2025-03-27 09:25:00+05:30,1743047700,-72.10000000000002,0.07152639979284459,0.07263405758791151,-0.001107657795066927
2025-03-27 09:30:00+05:30,1743048000,-77.39999999999998,0.06632058297914512,0.07137136266615823,-0.005050779687013118
2025-03-27 09:35:00+05:30,1743048300,-67.14999999999998,0.06925930979714678,0.07094895209235595,-0.0016896422952091678
2025-03-27 09:40:00+05:30,1743048600,-62.39999999999998,0.07564938995193415,0.0718890396642716,0.003760350287662556
2025-03-27 09:45:00+05:30,1743048900,-76.94999999999999,0.07040192808013046,0.07159161734744338,-0.0011896892673129156
2025-03-27 09:50:00+05:30,1743049200,-72.59999999999997,0.06874479448526927,0.07102225277500857,-0.002277458289739298
2025-03-27 09:55:00+05:30,1743049500,-68.14999999999998,0.07055971313100429,0.0709297448462077,-0.00037003171520341716
2025-03-27 10:00:00+05:30,1743049800,-66.19999999999999,0.07372564938275161,0.0714889257535165,0.0022367236292351184
2025-03-27 10:05:00+05:30,1743050100,-74.90000000000003,0.06994695347300706,0.07118053129741461,-0.0012335778244075557
2025-03-27 10:10:00+05:30,1743050400,-78.09999999999997,0.06385171537233703,0.0697147681123991,-0.005863052740062075
2025-03-27 10:15:00+05:30,1743050700,-74.70000000000005,0.06066514807218937,0.06790484410435715,-0.007239696032167786
2025-03-27 10:20:00+05:30,1743051000,-57.10000000000002,0.07118923570567404,0.06856172242462054,0.002627513281053498
2025-03-27 10:25:00+05:30,1743051300,-57.10000000000002,0.08108172043915829,0.07106572202752809,0.0100159984116302
2025-03-27 10:30:00+05:30,1743051600,-78.25,0.07404698299511381,0.07166197422104524,0.002385008774068567
2025-03-27 10:35:00+05:30,1743051900,-74.05000000000001,0.0705819305794364,0.07144596549272347,-0.0008640349132870706
2025-03-27 10:40:00+05:30,1743052200,-76.25,0.06555441379251192,0.07026765515268117,-0.0047132413601692486
2025-03-27 10:45:00+05:30,1743052500,-77.30000000000001,0.05994144400777657,0.06820241292370025,-0.008260968915923678
2025-03-27 10:50:00+05:30,1743052800,-79.69999999999999,0.05273756502813853,0.0651094433445879,-0.01237187831644937
2025-03-27 10:55:00+05:30,1743053100,-65.39999999999998,0.05692379821714155,0.06347231431909864,-0.006548516101957086
2025-03-27 11:00:00+05:30,1743053400,-48.799999999999955,0.07364783086234183,0.06550741762774728,0.008140413234594551
2025-03-27 11:05:00+05:30,1743053700,-69.64999999999998,0.07330757321336989,0.0670674487448718,0.006240124468498087
2025-03-27 11:10:00+05:30,1743054000,-72.39999999999998,0.07080706144120086,0.06781537128413762,0.0029916901570632426
2025-03-27 11:15:00+05:30,1743054300,-81.04999999999995,0.06171324793211852,0.0665949466137338,-0.004881698681615282
2025-03-27 11:20:00+05:30,1743054600,-86.69999999999999,0.0487096891104386,0.06301789511307476,-0.014308206002636159
2025-03-27 11:25:00+05:30,1743054900,-90.79999999999995,0.03321687154843289,0.057057690400146396,-0.023840818851713505
2025-03-27 11:30:00+05:30,1743055200,-85.39999999999998,0.022714810826371945,0.05018911448539151,-0.027474303659019567
2025-03-27 11:35:00+05:30,1743055500,-83.0,0.014622884389837054,0.04307586846628062,-0.028452984076443567
2025-03-27 11:40:00+05:30,1743055800,-76.59999999999997,0.01190229030335388,0.036841152833695275,-0.024938862530341395
2025-03-27 11:45:00+05:30,1743056100,-74.89999999999998,0.010633565705447268,0.031599635408045675,-0.020966069702598407
2025-03-27 11:50:00+05:30,1743056400,-75.89999999999998,0.008654399958217596,0.02701058831808006,-0.018356188359862465
2025-03-27 11:55:00+05:30,1743056700,-78.34999999999997,0.004886205747226313,0.022585711803909312,-0.017699506056683
2025-03-27 12:00:00+05:30,1743057000,-85.14999999999998,-0.003927208928175219,0.017283127657492407,-0.021210336585667625
2025-03-27 12:05:00+05:30,1743057300,-77.34999999999997,-0.006234986211410387,0.012579504883711849,-0.018814491095122236
2025-03-27 12:10:00+05:30,1743057600,-71.89999999999998,-0.004205439803115496,0.00922251594634638,-0.013427955749461876
2025-03-27 12:15:00+05:30,1743057900,-79.34999999999997,-0.008033421741487246,0.005771328408779655,-0.0138047501502669
2025-03-27 12:20:00+05:30,1743058200,-73.40000000000003,-0.007053516248348046,0.0032063594773541148,-0.010259875725702161
2025-03-27 12:25:00+05:30,1743058500,-75.39999999999998,-0.007665368249931248,0.0010320139318970424,-0.00869738218182829
2025-03-27 12:30:00+05:30,1743058800,-74.60000000000002,-0.007620375288837522,-0.0006984639122498706,-0.006921911376587651
2025-03-27 12:35:00+05:30,1743059100,-71.40000000000003,-0.005102354448098367,-0.00157924201941957,-0.0035231124286787974
2025-03-27 12:40:00+05:30,1743059400,-73.64999999999998,-0.004454815664288958,-0.0021543567483934475,-0.0023004589158955105
2025-03-27 12:45:00+05:30,1743059700,-69.55000000000001,-0.0006751298135014849,-0.0018585113614150552,0.0011833815479135703
2025-03-27 12:50:00+05:30,1743060000,-77.89999999999998,-0.0035461733207000634,-0.0021960437532720567,-0.0013501295674280068
2025-03-27 12:55:00+05:30,1743060300,-79.09999999999997,-0.007183267175307151,-0.0031934884376790757,-0.003989778737628075
2025-03-27 13:00:00+05:30,1743060600,-72.54999999999995,-0.0055605370431521806,-0.003666898158773697,-0.0018936388843784836
2025-03-27 13:05:00+05:30,1743060900,-79.19999999999999,-0.00915459510495964,-0.004764437548010886,-0.004390157556948754
2025-03-27 13:10:00+05:30,1743061200,-76.04999999999995,-0.010113628881626369,-0.005834275814733983,-0.004279353066892385
2025-03-27 13:15:00+05:30,1743061500,-69.89999999999998,-0.006266021695878976,-0.005920624990962982,-0.00034539670491599405
2025-03-27 13:20:00+05:30,1743061800,-73.59999999999997,-0.005479895573998306,-0.005832479107570047,0.00035258353357174154
2025-03-27 13:25:00+05:30,1743062100,-70.94999999999999,-0.0026874681278599155,-0.005203476911628021,0.0025160087837681052
2025-03-27 13:30:00+05:30,1743062400,-78.09999999999997,-0.005564016086353263,-0.00527558474657307,-0.00028843133978019315
2025-03-27 13:35:00+05:30,1743062700,-75.84999999999997,-0.00654220485428425,-0.005528908768115306,-0.0010132960861689447
2025-03-27 13:40:00+05:30,1743063000,-72.19999999999999,-0.004644843857704473,-0.005352095786033139,0.0007072519283286664
2025-03-27 13:45:00+05:30,1743063300,-78.84999999999997,-0.007980026011338737,-0.005877681831094259,-0.002102344180244478
2025-03-27 13:50:00+05:30,1743063600,-75.79999999999995,-0.00877245072031485,-0.006456635608938377,-0.0023158151113764737
2025-03-27 13:55:00+05:30,1743063900,-76.75,-0.010247850845033213,-0.007214878656157345,-0.003032972188875868
2025-03-27 14:00:00+05:30,1743064200,-73.64999999999998,-0.00924206149670681,-0.007620315224267238,-0.001621746272439572
2025-03-27 14:05:00+05:30,1743064500,-75.5,-0.009711995846814148,-0.008038651348776621,-0.0016733444980375264
2025-03-27 14:10:00+05:30,1743064800,-77.44999999999999,-0.01165360503024715,-0.008761642085070728,-0.002891962945176421
2025-03-27 14:15:00+05:30,1743065100,-76.64999999999998,-0.012862427906881635,-0.00958179924943291,-0.0032806286574487246
2025-03-27 14:20:00+05:30,1743065400,-74.10000000000002,-0.012027115068931948,-0.010070862413332719,-0.0019562526555992298
2025-03-27 14:25:00+05:30,1743065700,-75.35000000000002,-0.012192983088723963,-0.010495286548410967,-0.001697696540312996
2025-03-27 14:30:00+05:30,1743066000,-71.05000000000001,-0.00902181108345701,-0.010200591455420176,0.001178780371963166
2025-03-27 14:35:00+05:30,1743066300,-76.44999999999999,-0.010184909887598792,-0.0101974551418559,1.2545254257107646e-05
2025-03-27 14:40:00+05:30,1743066600,-76.5,-0.011315004697920017,-0.010420965053068724,-0.0008940396448512931
2025-03-27 14:45:00+05:30,1743066900,-73.59999999999997,-0.010136358056385575,-0.010364043653732094,0.0002276855973465195
2025-03-27 14:50:00+05:30,1743067200,-67.65000000000003,-0.004422536846846015,-0.009175742292354879,0.004753205445508864
2025-03-27 14:55:00+05:30,1743067500,-83.75,-0.011443624970922883,-0.00962931882806848,-0.0018143061428544036
2025-03-27 15:00:00+05:30,1743067800,-74.25,-0.010739503076266033,-0.009851355677707991,-0.0008881473985580413
2025-03-27 15:05:00+05:30,1743068100,-74.69999999999999,-0.010412964165539051,-0.009963677375274205,-0.00044928679026484675
2025-03-27 15:10:00+05:30,1743068400,-74.35000000000002,-0.00982616771939604,-0.009936175444098572,0.00011000772470253287
2025-03-27 15:15:00+05:30,1743068700,-70.65000000000003,-0.006408452021844369,-0.009230630759647732,0.0028221787378033634
2025-03-27 15:20:00+05:30,1743069000,-74.30000000000001,-0.005989964078480625,-0.00858249742341431,0.002592533344933685
2025-03-27 15:25:00+05:30,1743069300,-65.55000000000001,0.001163061638450813,-0.0066333856110412865,0.0077964472494920995
2025-03-28 09:15:00+05:30,1743133500,-73.10000000000002,0.0020965018739786956,-0.004887408114037291,0.006983909988015987
2025-03-28 09:20:00+05:30,1743133800,-80.90000000000003,-0.003042503006142283,-0.0045184270924582895,0.0014759240863160064
2025-03-28 09:25:00+05:30,1743134100,-81.84999999999997,-0.00863073663450109,-0.00534088900086685,-0.003289847633634241
2025-03-28 09:30:00+05:30,1743134400,-70.75,-0.005339637579666601,-0.0053406387166268,1.001136960199732e-06
2025-03-28 09:35:00+05:30,1743134700,-71.94999999999999,-0.003150856406591629,-0.0049026822546197665,0.0017518258480281376
2025-03-28 09:40:00+05:30,1743135000,-70.35000000000002,0.0001552293337994115,-0.003891099936935931,0.0040463292707353425
2025-03-28 09:45:00+05:30,1743135300,-69.5,0.00393603063130854,-0.002325673823287037,0.006261704454595577
2025-03-28 09:50:00+05:30,1743135600,-74.69999999999999,0.0034935072729922467,-0.0011618376040311803,0.004655344877023427
2025-03-28 09:55:00+05:30,1743135900,-78.64999999999998,2.4108090755703415e-05,-0.0009246484650738036,0.000948756555829507
2025-03-28 10:00:00+05:30,1743136200,-77.19999999999999,-0.002136162606930725,-0.001166951293445188,-0.000969211313485537
2025-03-28 10:05:00+05:30,1743136500,-71.15000000000003,0.0004926968378811125,-0.0008350216671799279,0.0013277185050610404
2025-03-28 10:10:00+05:30,1743136800,-76.44999999999999,-0.0011131662466539183,-0.000890650583074726,-0.0002225156635791923
2025-03-28 10:15:00+05:30,1743137100,-63.049999999999955,0.007711323318048358,0.0008297441971498907,0.006881579120898467
2025-03-28 10:20:00+05:30,1743137400,-79.10000000000002,0.0036596793057270816,0.001395731218865329,0.0022639480868617526
2025-03-28 10:25:00+05:30,1743137700,-71.94999999999999,0.0053452585583784185,0.0021856366867679467,0.0031596218716104718
2025-03-28 10:30:00+05:30,1743138000,-73.80000000000001,0.005506607530861629,0.0028498308555866833,0.002656776675274946
2025-03-28 10:35:00+05:30,1743138300,-77.75,0.002606438166822045,0.0028011523178337557,-0.00019471415101171086
2025-03-28 10:40:00+05:30,1743138600,-76.09999999999997,0.0011365644513858797,0.002468234744544181,-0.001331670293158301
2025-03-28 10:45:00+05:30,1743138900,-77.0,-0.000948223815981919,0.001784943032438961,-0.00273316684842088
2025-03-28 10:50:00+05:30,1743139200,-82.0,-0.006776814367114525,7.25915525282637e-05,-0.006849405919642789
2025-03-28 10:55:00+05:30,1743139500,-75.14999999999998,-0.006994286459061527,-0.0013407840497896945,-0.005653502409271833
2025-03-28 11:00:00+05:30,1743139800,-72.44999999999999,-0.005110709116323164,-0.0020947690630963886,-0.003015940053226776
2025-03-28 11:05:00+05:30,1743140100,-74.39999999999998,-0.004831317212321551,-0.0026420786929414212,-0.0021892385193801297
2025-03-28 11:10:00+05:30,1743140400,-101.35000000000002,-0.025362271060174635,-0.0071861171663880645,-0.01817615389378657
2025-03-28 11:15:00+05:30,1743140700,-75.44999999999999,-0.02476024401335053,-0.010700942535780559,-0.014059301477569971
2025-03-28 11:20:00+05:30,1743141000,-87.59999999999997,-0.03354890473524108,-0.015270534975672663,-0.018278369759568418
2025-03-28 11:25:00+05:30,1743141300,-72.35000000000002,-0.030060857900906512,-0.018228599560719434,-0.011832258340187078
2025-03-28 11:30:00+05:30,1743141600,-80.35000000000002,-0.03291476782315783,-0.021165833213207114,-0.011748934609950717
2025-03-28 11:35:00+05:30,1743141900,-74.34999999999997,-0.030956374158819244,-0.02312394140232954,-0.007832432756489704
2025-03-28 11:40:00+05:30,1743142200,-79.75,-0.03324886961355844,-0.02514892704457532,-0.00809994256898312
2025-03-28 11:45:00+05:30,1743142500,-70.55000000000001,-0.0282899538802468,-0.02577713241170962,-0.0025128214685371797
2025-03-28 11:50:00+05:30,1743142800,-72.89999999999998,-0.02539454813202724,-0.025700615555773146,0.00030606742374590656
2025-03-28 11:55:00+05:30,1743143100,-73.39999999999998,-0.023024073319547256,-0.02516530710852797,0.0021412337889807134
2025-03-28 12:00:00+05:30,1743143400,-80.69999999999999,-0.02639952143847779,-0.025412149974517934,-0.0009873714639598574
2025-03-28 12:05:00+05:30,1743143700,-74.5,-0.02478476593951484,-0.025286673167517315,0.0005019072280024739
2025-03-28 12:10:00+05:30,1743144000,-75.59999999999997,-0.02408829164795634,-0.02504699686360512,0.0009587052156487808
2025-03-28 12:15:00+05:30,1743144300,-72.85000000000002,-0.02128906712144385,-0.024295410915172868,0.003006343793729018
2025-03-28 12:20:00+05:30,1743144600,-68.14999999999998,-0.014999551932561417,-0.02243623911865058,0.007436687186089162
2025-03-28 12:25:00+05:30,1743144900,-69.10000000000002,-0.009776257871578764,-0.019904242869236217,0.010127984997657453
2025-03-28 12:30:00+05:30,1743145200,-68.94999999999999,-0.004715863768510076,-0.01686656704909099,0.012150703280580915
2025-03-28 12:35:00+05:30,1743145500,-70.0,-0.0007394535493290277,-0.013641144349138599,0.012901690799809571
2025-03-28 12:40:00+05:30,1743145800,-70.80000000000001,0.002402238806055834,-0.010432467718099712,0.012834706524155547
2025-03-28 12:45:00+05:30,1743146100,-66.64999999999998,0.008572708011882924,-0.006631432572103186,0.01520414058398611
2025-03-28 12:50:00+05:30,1743146400,-76.69999999999999,0.006642327500088641,-0.00397668055766482,0.010619008057753461
2025-03-28 12:55:00+05:30,1743146700,-75.14999999999998,0.006008813427655468,-0.0019795817606007623,0.00798839518825623
2025-03-28 13:00:00+05:30,1743147000,-68.10000000000002,0.010846239494711085,0.0005855824904616072,0.010260657004249479
2025-03-28 13:05:00+05:30,1743147300,-68.05000000000001,0.01544881818360011,0.003558229629089308,0.011890588554510802
2025-03-28 13:10:00+05:30,1743147600,-68.09999999999997,0.01974869040510896,0.006796321784293239,0.01295236862081572
2025-03-28 13:15:00+05:30,1743147900,-67.69999999999999,0.024106413586963527,0.010258340144827297,0.01384807344213623
2025-03-28 13:20:00+05:30,1743148200,-71.0,0.025659965625081327,0.013338665240878103,0.012321300384203223
2025-03-28 13:25:00+05:30,1743148500,-69.75,0.02807328061105352,0.01628558831491319,0.01178769229614033
2025-03-28 13:30:00+05:30,1743148800,-72.55000000000001,0.028171782828650294,0.01866282721766061,0.009508955610989682
2025-03-28 13:35:00+05:30,1743149100,-69.69999999999999,0.030442644343736447,0.02101879064287578,0.009423853700860668
2025-03-28 13:40:00+05:30,1743149400,-71.35000000000002,0.03129218707671555,0.023073469929643733,0.008218717147071817
2025-03-28 13:45:00+05:30,1743149700,-65.69999999999999,0.03643143868784193,0.025745063681283376,0.010686375006558557
2025-03-28 13:50:00+05:30,1743150000,-65.60000000000002,0.04133814675039105,0.02886368029510491,0.012474466455286139
2025-03-28 13:55:00+05:30,1743150300,-59.25,0.05084472792181316,0.03325988982044656,0.0175848381013666
2025-03-28 14:00:00+05:30,1743150600,-64.70000000000002,0.05558510265595373,0.037724932387547996,0.017860170268405737
2025-03-28 14:05:00+05:30,1743150900,-64.20000000000005,0.06040870971980894,0.04226168785400019,0.01814702186580875
2025-03-28 14:10:00+05:30,1743151200,-68.64999999999998,0.06148708443849671,0.046106767170899496,0.015380317267597213
2025-03-28 14:15:00+05:30,1743151500,-65.80000000000001,0.06465841559979424,0.04981709685667845,0.01484131874311579
2025-03-28 14:20:00+05:30,1743151800,-70.64999999999998,0.06386306883089787,0.052626291251522336,0.011236777579375537
2025-03-28 14:25:00+05:30,1743152100,-71.34999999999997,0.0625217884727931,0.05460539069577649,0.007916397777016616
2025-03-28 14:30:00+05:30,1743152400,-71.14999999999998,0.06136010226244082,0.05595633300910936,0.005403769253331456
2025-03-28 14:35:00+05:30,1743152700,-66.80000000000001,0.06357184427409379,0.057479435262106256,0.006092409011987536
2025-03-28 14:40:00+05:30,1743153000,-74.55000000000001,0.05963224109794396,0.057909996429273795,0.0017222446686701656
2025-03-28 14:45:00+05:30,1743153300,-72.10000000000002,0.05775328201548291,0.05787865354651562,-0.00012537153103270998
2025-03-28 14:50:00+05:30,1743153600,-75.30000000000001,0.05346309608590616,0.05699554205439373,-0.00353244596848757
2025-03-28 14:55:00+05:30,1743153900,-74.80000000000001,0.04975260539453075,0.05554695472242113,-0.005794349327890386
2025-03-28 15:00:00+05:30,1743154200,-69.64999999999998,0.05018156462305967,0.05447387670254884,-0.004292312079489172
2025-03-28 15:05:00+05:30,1743154500,-72.15000000000003,0.04861890689626591,0.05330288274129226,-0.0046839758450263475
2025-03-28 15:10:00+05:30,1743154800,-74.0,0.04567660787424188,0.05177762776788219,-0.006101019893640307
2025-03-28 15:15:00+05:30,1743155100,-68.5,0.047104925578196344,0.050843087329945025,-0.003738161751748681
2025-03-28 15:20:00+05:30,1743155400,-69.94999999999999,0.0472995828672822,0.05013438643741246,-0.0028348035701302662
2025-03-28 15:25:00+05:30,1743155700,-60.05000000000001,0.05508743309452768,0.05112499576883551,0.003962437325692174
2025-04-01 09:15:00+05:30,1743479100,-60.75,0.061865810198682425,0.05327315865480489,0.008592651543877533
2025-04-01 09:20:00+05:30,1743479400,-63.85000000000002,0.06583258739189546,0.05578504440222301,0.010047542989672448
2025-04-01 09:25:00+05:30,1743479700,-67.55000000000001,0.06667571128153327,0.05796317777808506,0.008712533503448208
2025-04-01 09:30:00+05:30,1743480000,-69.14999999999998,0.06618637327078147,0.05960781687662435,0.006578556394157123
2025-04-01 09:35:00+05:30,1743480300,-70.89999999999998,0.06432219954750451,0.06055069341080039,0.003771506136704121
2025-04-01 09:40:00+05:30,1743480600,-70.10000000000002,0.06312793447544607,0.061066141623729524,0.0020617928517165443
2025-04-01 09:45:00+05:30,1743480900,-66.64999999999998,0.06461294000777684,0.06177550130053899,0.0028374387072378493
2025-04-01 09:50:00+05:30,1743481200,-69.20000000000005,0.06399873787441379,0.062220148615313955,0.001778589259099836
2025-04-01 09:55:00+05:30,1743481500,-70.89999999999998,0.06205681790474671,0.06218748247320051,-0.00013066456845380048
2025-04-01 10:00:00+05:30,1743481800,-68.69999999999999,0.06187127030622719,0.06212424003980585,-0.0002529697335786618
2025-04-01 10:05:00+05:30,1743482100,-69.05000000000001,0.0613780264771151,0.0619749973272677,-0.0005969708501526033
2025-04-01 10:10:00+05:30,1743482400,-68.89999999999998,0.06098020405289617,0.061776038672393396,-0.0007958346194972266
2025-04-01 10:15:00+05:30,1743482700,-69.0,0.060479943031779726,0.061516819544270664,-0.0010368765124909377
2025-04-01 10:20:00+05:30,1743483000,-62.10000000000002,0.06528551923965153,0.062270559483346845,0.00301495975630469
2025-04-01 10:25:00+05:30,1743483300,-56.150000000000006,0.07436932702769639,0.06469031299221675,0.009679014035479633
2025-04-01 10:30:00+05:30,1743483600,-55.69999999999999,0.08324528632647343,0.06840130765906809,0.014843978667405347
2025-04-01 10:35:00+05:30,1743483900,-57.55000000000001,0.09014290227463562,0.07274962658218159,0.017393275692454024
2025-04-01 10:40:00+05:30,1743484200,-56.400000000000006,0.0974805154177858,0.07769580434930244,0.019784711068483354
2025-04-01 10:45:00+05:30,1743484500,-54.75,0.10561423039494855,0.08327948955843167,0.022334740836516875
2025-04-01 10:50:00+05:30,1743484800,-56.5,0.11187018500646673,0.0889976286480387,0.022872556358428026
2025-04-01 10:55:00+05:30,1743485100,-50.150000000000006,0.12259764803981454,0.09571763252639388,0.02688001551342066
2025-04-01 11:00:00+05:30,1743485400,-48.55000000000001,0.1338774957743709,0.10334960517598929,0.030527890598381624
2025-04-01 11:05:00+05:30,1743485700,-48.400000000000006,0.1445517122645299,0.11159002659369742,0.03296168567083248
2025-04-01 11:10:00+05:30,1743486000,-48.650000000000006,0.15433654339250324,0.12013932995345859,0.03419721343904465
2025-04-01 11:15:00+05:30,1743486300,-49.70000000000002,0.1626557680736198,0.12864261757749085,0.03401315049612896
2025-04-01 11:20:00+05:30,1743486600,-48.94999999999999,0.1709724299761035,0.13710858005721338,0.03386384991889013
2025-04-01 11:25:00+05:30,1743486900,-50.349999999999994,0.17762098041801266,0.14521106012937324,0.03240992028863943
2025-04-01 11:30:00+05:30,1743487200,-46.5,0.18673939922820182,0.15351672794913895,0.033222671279062865
2025-04-01 11:35:00+05:30,1743487500,-45.70000000000002,0.1958314648570223,0.1619796753307156,0.033851789526306686
2025-04-01 11:40:00+05:30,1743487800,-43.150000000000006,0.20624217364656516,0.17083217499388553,0.03540999865267963
2025-04-01 11:45:00+05:30,1743488100,-44.349999999999994,0.21499715988337442,0.1796651719717833,0.03533198791159112
2025-04-01 11:50:00+05:30,1743488400,-43.05000000000001,0.22410977592323889,0.1885540927620744,0.035555683161164475
2025-04-01 11:55:00+05:30,1743488700,-44.19999999999999,0.23166259608059647,0.19717579342577884,0.03448680265481763
2025-04-01 12:00:00+05:30,1743489000,-42.04999999999998,0.24028204728000446,0.20579704419662398,0.03448500308338048
2025-04-01 12:05:00+05:30,1743489300,-43.79999999999998,0.24689319202953186,0.21401627376320556,0.0328769182663263
2025-04-01 12:10:00+05:30,1743489600,-44.60000000000002,0.252334138462075,0.22167984670297947,0.03065429175909551
2025-04-01 12:15:00+05:30,1743489900,-47.69999999999999,0.2548897741979701,0.2283218322019776,0.026567941995992495
2025-04-01 12:20:00+05:30,1743490200,-44.69999999999999,0.2594239243761223,0.23454225063680656,0.024881673739315713
2025-04-01 12:25:00+05:30,1743490500,-44.45000000000002,0.2637023550196176,0.24037427151336876,0.02332808350624882
2025-04-01 12:30:00+05:30,1743490800,-47.55000000000001,0.2651504009973138,0.24532949741015778,0.01982090358715602
2025-04-01 12:35:00+05:30,1743491100,-49.29999999999998,0.2649639019891623,0.2492563783259587,0.015707523663203604
2025-04-01 12:40:00+05:30,1743491400,-46.54999999999998,0.26670545818270597,0.25274619429730816,0.01395926388539781
2025-04-01 12:45:00+05:30,1743491700,-45.94999999999999,0.26860880797229214,0.25591871703230495,0.012690090939987186
2025-04-01 12:50:00+05:30,1743492000,-45.04999999999998,0.2708951431811073,0.25891400226206546,0.011981140919041844
2025-04-01 12:55:00+05:30,1743492300,-44.400000000000006,0.2733487753661876,0.2618009568828899,0.011547818483297723
2025-04-01 13:00:00+05:30,1743492600,-41.349999999999994,0.2778108531152199,0.26500293612935594,0.012807916985863976
2025-04-01 13:05:00+05:30,1743492900,-43.849999999999994,0.27988464734250584,0.26797927837198593,0.011905368970519914
2025-04-01 13:10:00+05:30,1743493200,-42.349999999999994,0.2827864376820983,0.27094071023400845,0.011845727448089871
2025-04-01 13:15:00+05:30,1743493500,-41.5,0.2859669750394218,0.2739459631950911,0.012021011844330687
2025-04-01 13:20:00+05:30,1743493800,-39.849999999999994,0.29002593406186605,0.2771619573684461,0.012863976693419932
2025-04-01 13:25:00+05:30,1743494100,-39.30000000000001,0.2940631203467774,0.2805421899641124,0.013520930382664997
2025-04-01 13:30:00+05:30,1743494400,-40.39999999999999,0.29680321741959403,0.28379439545520874,0.013008821964385298
2025-04-01 13:35:00+05:30,1743494700,-39.3,0.30001304236461124,0.28703812483708924,0.012974917527522
2025-04-01 13:40:00+05:30,1743495000,-41.099999999999994,0.30142629342311267,0.28991575855429397,0.0115105348688187
2025-04-01 13:45:00+05:30,1743495300,-39.19999999999999,0.303995811416911,0.2927317691268174,0.01126404229009359
2025-04-01 13:50:00+05:30,1743495600,-39.650000000000006,0.3058426347636214,0.2953539422541782,0.010488692509443176
2025-04-01 13:55:00+05:30,1743495900,-38.30000000000001,0.30839409473593093,0.29796197275052877,0.010432121985402165
2025-04-01 14:00:00+05:30,1743496200,-41.499999999999986,0.30809813217088333,0.2999892046345997,0.008108927536283617
2025-04-01 14:05:00+05:30,1743496500,-40.44999999999999,0.3083909523262349,0.3016695541729268,0.0067213981533081335
2025-04-01 14:10:00+05:30,1743496800,-40.35000000000001,0.30850690103002876,0.3030370235443472,0.005469877485681562
2025-04-01 14:15:00+05:30,1743497100,-38.55000000000001,0.3097675618626994,0.30438313120801763,0.005384430654681749
2025-04-01 14:20:00+05:30,1743497400,-39.0,0.31037279187848554,0.3055810633421112,0.004791728536374329
2025-04-01 14:25:00+05:30,1743497700,-39.64999999999999,0.3102036872440692,0.30650558812250284,0.0036980991215663783
2025-04-01 14:30:00+05:30,1743498000,-39.150000000000006,0.3101903246446156,0.3072425354269254,0.0029477892176901777
2025-04-01 14:35:00+05:30,1743498300,-39.70000000000002,0.3095138390815677,0.3076967961578539,0.0018170429237138186
2025-04-01 14:40:00+05:30,1743498600,-40.39999999999999,0.3080953250684999,0.30777650193998307,0.0003188231285168319
2025-04-01 14:45:00+05:30,1743498900,-40.19999999999999,0.3066711148716479,0.307555424526316,-0.0008843096546681251
2025-04-01 14:50:00+05:30,1743499200,-38.29999999999998,0.3065546012282283,0.3073552598666985,-0.0008006586384701753
2025-04-01 14:55:00+05:30,1743499500,-39.8,0.30505025649659956,0.3068942591926787,-0.00184400269607915
2025-04-01 15:00:00+05:30,1743499800,-41.44999999999999,0.3021195241280381,0.3059393121797506,-0.003819788051712514
2025-04-01 15:05:00+05:30,1743500100,-41.70000000000002,0.2989232794878518,0.30453610564137085,-0.005612826153519046
2025-04-01 15:10:00+05:30,1743500400,-40.95000000000002,0.29625029171817374,0.30287894285673145,-0.006628651138557706
2025-04-01 15:15:00+05:30,1743500700,-41.64999999999999,0.2929549090728827,0.30089413609996174,-0.007939227027079054
2025-04-01 15:20:00+05:30,1743501000,-40.35000000000001,0.2906172862259737,0.29883876612516413,-0.00822147989919042
2025-04-01 15:25:00+05:30,1743501300,-40.44999999999999,0.2881062919230786,0.29669227128474707,-0.008585979361668494
2025-04-02 09:15:00+05:30,1743565500,-43.04999999999998,0.2835039793130818,0.294054612890414,-0.010550633577332214
2025-04-02 09:20:00+05:30,1743565800,-42.05,0.2797068067501556,0.29118505166236236,-0.011478244912206781
2025-04-02 09:25:00+05:30,1743566100,-47.30000000000001,0.2718501261380055,0.287318066557491,-0.01546794041948546
2025-04-02 09:30:00+05:30,1743566400,-50.70000000000002,0.26159018424654334,0.2821724900953015,-0.020582305848758142
2025-04-02 09:35:00+05:30,1743566700,-50.44999999999999,0.2518834861830186,0.27611468931284494,-0.02423120312982635
2025-04-02 09:40:00+05:30,1743567000,-45.599999999999994,0.24625727592680846,0.2701432066356376,-0.02388593070882916
2025-04-02 09:45:00+05:30,1743567300,-42.45,0.24318032567619952,0.26475063044375,-0.021570304767550508
2025-04-02 09:50:00+05:30,1743567600,-45.3,0.2378848017363211,0.25937746470226425,-0.021492662965943155
2025-04-02 09:55:00+05:30,1743567900,-48.85000000000002,0.229956128962165,0.2534931975542444,-0.02353706859207938
2025-04-02 10:00:00+05:30,1743568200,-46.150000000000006,0.22436816978091656,0.24766819199957885,-0.023300022218662286
2025-04-02 10:05:00+05:30,1743568500,-46.45000000000002,0.21868171701068917,0.24187089700180092,-0.023189179991111752
2025-04-02 10:10:00+05:30,1743568800,-45.499999999999986,0.21387124836523697,0.23627096727448815,-0.022399718909251187
2025-04-02 10:15:00+05:30,1743569100,-47.19999999999999,0.20784732961401886,0.2305862397423943,-0.02273891012837545
2025-04-02 10:20:00+05:30,1743569400,-47.10000000000001,0.20207025701501635,0.22488304319691874,-0.022812786181902384
2025-04-02 10:25:00+05:30,1743569700,-49.89999999999998,0.19429287717890276,0.21876500999331555,-0.024472132814412795
2025-04-02 10:30:00+05:30,1743570000,-49.150000000000006,0.1873705242315964,0.2124861128409717,-0.025115588609375322
2025-04-02 10:35:00+05:30,1743570300,-48.849999999999994,0.1809144005222123,0.20617177037721984,-0.02525736985500754
2025-04-02 10:40:00+05:30,1743570600,-49.599999999999994,0.1740936002801945,0.19975613635781478,-0.025662536077620285
2025-04-02 10:45:00+05:30,1743570900,-52.099999999999994,0.16558280059144437,0.1929214692045407,-0.027338668613096334
2025-04-02 10:50:00+05:30,1743571200,-53.150000000000006,0.15660021543274638,0.18565721845018185,-0.029057003017435468
2025-04-02 10:55:00+05:30,1743571500,-52.650000000000006,0.14837484681338253,0.178200744122822,-0.029825897309439464
2025-04-02 11:00:00+05:30,1743571800,-52.30000000000001,0.14075578830411928,0.17071175295908145,-0.02995596465496217
2025-04-02 11:05:00+05:30,1743572100,-52.44999999999999,0.13332982056534348,0.16323536648033388,-0.029905545914990395
2025-04-02 11:10:00+05:30,1743572400,-52.5,0.12616926968081543,0.1558221471204302,-0.029652877439614755
2025-04-02 11:15:00+05:30,1743572700,-50.0,0.12123309066053878,0.14890433582845192,-0.02767124516791314
2025-04-02 11:20:00+05:30,1743573000,-49.849999999999994,0.11658958817491794,0.1424413862977451,-0.025851798122827174
2025-04-02 11:25:00+05:30,1743573300,-48.400000000000006,0.11322958874799838,0.13659902678779579,-0.023369438039797408
2025-04-02 11:30:00+05:30,1743573600,-50.0,0.10873150741527127,0.1310255229132909,-0.022294015498019626
2025-04-02 11:35:00+05:30,1743573900,-51.900000000000006,0.10292965009737287,0.12540634835010728,-0.022476698252734406
2025-04-02 11:40:00+05:30,1743574200,-48.10000000000001,0.10029893089985364,0.12038486486005656,-0.020085933960202917
2025-04-02 11:45:00+05:30,1743574500,-49.29999999999998,0.0968088500446953,0.11566966189698431,-0.01886081185228901
2025-04-02 11:50:00+05:30,1743574800,-47.849999999999994,0.09455433692303217,0.11144659690219388,-0.016892259979161717
2025-04-02 11:55:00+05:30,1743575100,-48.150000000000006,0.0921188599539633,0.10758104951254778,-0.015462189558584485
2025-04-02 12:00:00+05:30,1743575400,-49.5,0.08870387305229599,0.10380561422049743,-0.01510174116820144
2025-04-02 12:05:00+05:30,1743575700,-50.54999999999998,0.08459720966748563,0.09996393330989509,-0.015366723642409458
2025-04-02 12:10:00+05:30,1743576000,-50.25,0.0808818068581445,0.09614750801954497,-0.015265701161400469
2025-04-02 12:15:00+05:30,1743576300,-49.849999999999994,0.0776162684459436,0.0924412601048247,-0.014824991658881098
2025-04-02 12:20:00+05:30,1743576600,-50.349999999999994,0.07408388608916994,0.08876978530169376,-0.01468589921252382
2025-04-02 12:25:00+05:30,1743576900,-49.29999999999998,0.0714982259096999,0.08531547342329499,-0.013817247513595088
2025-04-02 12:30:00+05:30,1743577200,-50.55000000000001,0.06803437444860094,0.08185925362835618,-0.013824879179755237
2025-04-02 12:35:00+05:30,1743577500,-49.849999999999994,0.06524804494721081,0.07853701189212711,-0.013288966944916297
2025-04-02 12:40:00+05:30,1743577800,-50.29999999999998,0.06221674639288466,0.07527295879227862,-0.01305621239939396
2025-04-02 12:45:00+05:30,1743578100,-49.69999999999999,0.059766582664693146,0.07217168356676153,-0.01240510090206838
2025-04-02 12:50:00+05:30,1743578400,-48.05000000000001,0.05867794318272246,0.06947293548995372,-0.010794992307231258
2025-04-02 12:55:00+05:30,1743578700,-48.25,0.057449319490856965,0.06706821229013438,-0.009618892799277412
2025-04-02 13:00:00+05:30,1743579000,-48.94999999999999,0.055703453246515267,0.06479526048141056,-0.009091807234895291
2025-04-02 13:05:00+05:30,1743579300,-50.25,0.053006981599978076,0.062437604705124064,-0.009430623105145988
2025-04-02 13:10:00+05:30,1743579600,-50.0,0.05061029193707611,0.06007214215151448,-0.009461850214438364
2025-04-02 13:15:00+05:30,1743579900,-51.44999999999999,0.0471868260242303,0.057495078926057645,-0.010308252901827346
2025-04-02 13:20:00+05:30,1743580200,-50.19999999999999,0.04487922293507296,0.05497190772786071,-0.01009268479278775
2025-04-02 13:25:00+05:30,1743580500,-51.19999999999999,0.04189167432895147,0.052355861048078864,-0.010464186719127397
2025-04-02 13:30:00+05:30,1743580800,-51.45000000000002,0.03884255850439189,0.04965320053934147,-0.01081064203494958
2025-04-02 13:35:00+05:30,1743581100,-49.099999999999994,0.03774416208175069,0.04727139284782332,-0.009527230766072634
2025-04-02 13:40:00+05:30,1743581400,-48.55000000000001,0.037101287159337915,0.04523737171012624,-0.008136084550788326
2025-04-02 13:45:00+05:30,1743581700,-49.25,0.03592477753295498,0.04337485287469199,-0.007450075341737014
2025-04-02 13:50:00+05:30,1743582000,-48.150000000000006,0.03563393829511341,0.04182666995877628,-0.006192731663662868
2025-04-02 13:55:00+05:30,1743582300,-49.75,0.03409672872933811,0.04028068171288864,-0.006183952983550532
2025-04-02 14:00:00+05:30,1743582600,-50.19999999999999,0.03227014632964398,0.03867857463623971,-0.006408428306595729
2025-04-02 14:05:00+05:30,1743582900,-50.0,0.030673096790479804,0.03707747906708773,-0.006404382276607924
2025-04-02 14:10:00+05:30,1743583200,-49.25,0.02971870009368871,0.03560572327240793,-0.005887023178719218
2025-04-02 14:15:00+05:30,1743583500,-50.75,0.02763603287046834,0.034011785192020014,-0.006375752321551673
2025-04-02 14:20:00+05:30,1743583800,-50.30000000000001,0.02599344540026749,0.032408117233669514,-0.006414671833402025
2025-04-02 14:25:00+05:30,1743584100,-51.099999999999994,0.02380339913398899,0.03068717361373341,-0.00688377447974442
2025-04-02 14:30:00+05:30,1743584400,-50.19999999999999,0.02240956346835077,0.029031651584656884,-0.006622088116306116
2025-04-02 14:35:00+05:30,1743584700,-49.55000000000001,0.02157644767057576,0.02754061080184066,-0.0059641631312649
2025-04-02 14:40:00+05:30,1743585000,-50.95000000000002,0.019691875013045035,0.02597086364408154,-0.0062789886310365035
2025-04-02 14:45:00+05:30,1743585300,-50.80000000000001,0.018011132402719454,0.02437891739580912,-0.006367784993089667
2025-04-02 14:50:00+05:30,1743585600,-50.60000000000002,0.016562935879932184,0.022815721092633735,-0.006252785212701551
2025-04-02 14:55:00+05:30,1743585900,-51.20000000000002,0.014718257796083378,0.021196228433323663,-0.006477970637240284
2025-04-02 15:00:00+05:30,1743586200,-53.95000000000002,0.010840976112888256,0.019125177969236584,-0.008284201856348327
2025-04-02 15:05:00+05:30,1743586500,-54.150000000000006,0.007013430893820782,0.016702828554153424,-0.009689397660332642
2025-04-02 15:10:00+05:30,1743586800,-53.75,0.003698903062108627,0.014102043455744465,-0.010403140393635837
2025-04-02 15:15:00+05:30,1743587100,-52.80000000000001,0.0012963046712570758,0.011540895698846988,-0.010244591027589912
2025-04-02 15:20:00+05:30,1743587400,-53.05000000000001,-0.0011685833734063067,0.00899899988439633,-0.010167583257802636
2025-04-02 15:25:00+05:30,1743587700,-53.650000000000006,-0.003960559487119042,0.006407088010093255,-0.010367647497212296
2025-04-03 09:15:00+05:30,1743651900,-42.650000000000006,0.00189279788445873,0.00550422998496635,-0.00361143210050762
2025-04-03 09:20:00+05:30,1743652200,-43.25,0.00696091028497392,0.005795566044967865,0.0011653442400060554
2025-04-03 09:25:00+05:30,1743652500,-45.39999999999999,0.01008667509472616,0.006653787854919524,0.003432887239806637
2025-04-03 09:30:00+05:30,1743652800,-47.349999999999994,0.011528460759897996,0.007628722435915218,0.003899738323982778
2025-04-03 09:35:00+05:30,1743653100,-47.19999999999999,0.012998110408872776,0.00870260003050673,0.004295510378366046
2025-04-03 09:40:00+05:30,1743653400,-44.5,0.016460935257171627,0.01025426707583971,0.006206668181331917
2025-04-03 09:45:00+05:30,1743653700,-43.25,0.02068600475182336,0.01234061461103644,0.008345390140786921
2025-04-03 09:50:00+05:30,1743654000,-45.099999999999994,0.023235854536750367,0.014519662596179227,0.00871619194057114
2025-04-03 09:55:00+05:30,1743654300,-43.55000000000001,0.02682427257229847,0.016980584591403076,0.009843687980895393
2025-04-03 10:00:00+05:30,1743654600,-45.400000000000006,0.028767618677996154,0.019337991408721694,0.00942962726927446
2025-04-03 10:05:00+05:30,1743654900,-46.7,0.029578998592540984,0.021386192845485555,0.008192805747055429
2025-04-03 10:10:00+05:30,1743655200,-48.54999999999998,0.028895347079320288,0.022888023692252506,0.0060073233870677825
2025-04-03 10:15:00+05:30,1743655500,-46.95000000000002,0.029461661925630267,0.024202751338928057,0.00525891058670221
2025-04-03 10:20:00+05:30,1743655800,-50.499999999999986,0.02723448264419659,0.024809097599981768,0.0024253850442148214
2025-04-03 10:25:00+05:30,1743656100,-49.349999999999994,0.025995839150027678,0.02504644590999095,0.0009493932400367264
2025-04-03 10:30:00+05:30,1743656400,-49.19999999999999,0.024920767215917294,0.025021310171176224,-0.00010054295525892959
2025-04-03 10:35:00+05:30,1743656700,-49.150000000000006,0.023923958326449224,0.024801839802230826,-0.0008778814757816021
2025-04-03 10:40:00+05:30,1743657000,-48.750000000000014,0.023272007220370483,0.024495873285858758,-0.001223866065488275
2025-04-03 10:45:00+05:30,1743657300,-48.099999999999994,0.02313945917916982,0.02422459046452097,-0.001085131285351152
2025-04-03 10:50:00+05:30,1743657600,-47.849999999999994,0.023189254531175152,0.02401752327785181,-0.0008282687466766581
2025-04-03 10:55:00+05:30,1743657900,-48.999999999999986,0.022330908093074697,0.023680200240896388,-0.0013492921478216909
2025-04-03 11:00:00+05:30,1743658200,-45.94999999999999,0.023856209495235703,0.023715402091764252,0.00014080740347145043
2025-04-03 11:05:00+05:30,1743658500,-46.750000000000014,0.024662118569359848,0.023904745387283374,0.0007573731820764741
2025-04-03 11:10:00+05:30,1743658800,-47.19999999999999,0.025057545943433013,0.024135305498513303,0.00092224044491971
2025-04-03 11:15:00+05:30,1743659100,-46.400000000000006,0.026029370856008427,0.02451411857001233,0.0015152522859960965
2025-04-03 11:20:00+05:30,1743659400,-47.2,0.026310453773866982,0.024873385610783262,0.0014370681630837198
2025-04-03 11:25:00+05:30,1743659700,-47.0,0.02671018045715101,0.025240744580056814,0.0014694358770941975
2025-04-03 11:30:00+05:30,1743660000,-47.0,0.027067390624928578,0.025606073789031167,0.001461316835897411
2025-04-03 11:35:00+05:30,1743660300,-47.5,0.026998261365704934,0.02588451130436592,0.0011137500613390139
2025-04-03 11:40:00+05:30,1743660600,-48.29999999999998,0.026294680951586713,0.025966545233810083,0.00032813571777663003
2025-04-03 11:45:00+05:30,1743660900,-47.999999999999986,0.025840886011863518,0.025941413389420773,-0.00010052737755725585
2025-04-03 11:50:00+05:30,1743661200,-49.0,0.024620259935502986,0.025677182698637217,-0.0010569227631342312
2025-04-03 11:55:00+05:30,1743661500,-48.400000000000006,0.023910568986671876,0.02532385995624415,-0.0014132909695722742
2025-04-03 12:00:00+05:30,1743661800,-48.750000000000014,0.022951198306699894,0.0248493276263353,-0.0018981293196354068
2025-04-03 12:05:00+05:30,1743662100,-47.5,0.022991375471583808,0.024477737195385003,-0.0014863617238011946
2025-04-03 12:10:00+05:30,1743662400,-47.05,0.023358896681095587,0.024253969092527118,-0.0008950724114315314
2025-04-03 12:15:00+05:30,1743662700,-46.95,0.023765427805670924,0.02415626083515588,-0.0003908330294849563
2025-04-03 12:20:00+05:30,1743663000,-45.5,0.02525038521798706,0.024375085711722116,0.0008752995062649427
2025-04-03 12:25:00+05:30,1743663300,-45.650000000000006,0.026518724948275008,0.024803813559032696,0.0017149113892423115
2025-04-03 12:30:00+05:30,1743663600,-46.400000000000006,0.027118285326217517,0.02526670791246966,0.0018515774137478555
2025-04-03 12:35:00+05:30,1743663900,-46.44999999999999,0.0276254767501527,0.02573846168000627,0.0018870150701464292
2025-04-03 12:40:00+05:30,1743664200,-45.45000000000002,0.028855310606765272,0.026361831465358074,0.0024934791414071983
2025-04-03 12:45:00+05:30,1743664500,-45.25,0.030149837873047147,0.02711943274689589,0.003030405126151256
2025-04-03 12:50:00+05:30,1743664800,-46.249999999999986,0.030578410075641216,0.027811228212644958,0.0027671818629962583
2025-04-03 12:55:00+05:30,1743665100,-46.60000000000001,0.030689786031686594,0.028386939776453287,0.0023028462552333075
2025-04-03 13:00:00+05:30,1743665400,-45.80000000000001,0.03138877728473233,0.0289873072781091,0.002401470006623229
2025-04-03 13:05:00+05:30,1743665700,-45.44999999999999,0.032295357072406716,0.029648917236968622,0.002646439835438094
2025-04-03 13:10:00+05:30,1743666000,-44.94999999999999,0.03351321409567021,0.030421776608708942,0.0030914374869612654
2025-04-03 13:15:00+05:30,1743666300,-45.29999999999998,0.0343683614428798,0.031211093575543115,0.003157267867336687
2025-04-03 13:20:00+05:30,1743666600,-44.94999999999999,0.03542024132097765,0.032052923124630026,0.0033673181963476267
2025-04-03 13:25:00+05:30,1743666900,-46.20000000000002,0.035422455976103606,0.03272682969492474,0.0026956262811788645
2025-04-03 13:30:00+05:30,1743667200,-46.55000000000001,0.03512709803120373,0.03320688336218054,0.0019202146690231875
2025-04-03 13:35:00+05:30,1743667500,-45.44999999999999,0.035669743803104836,0.0336994554503654,0.0019702883527394355
2025-04-03 13:40:00+05:30,1743667800,-44.55000000000001,0.036849705728897675,0.03432950550607186,0.0025202002228258136
2025-04-03 13:45:00+05:30,1743668100,-45.650000000000006,0.03708764411428689,0.03488113322771487,0.002206510886572019
2025-04-03 13:50:00+05:30,1743668400,-45.400000000000006,0.037476860701900705,0.03540027872255204,0.0020765819793486656
2025-04-03 13:55:00+05:30,1743668700,-45.0,0.03812452896737284,0.035945128771516205,0.0021794001958566345
2025-04-03 14:00:00+05:30,1743669000,-45.14999999999999,0.03859152273867039,0.03647440756494705,0.002117115173723344
2025-04-03 14:05:00+05:30,1743669300,-45.70000000000002,0.03857868005964349,0.03689526206388634,0.00168341799575715
2025-04-03 14:10:00+05:30,1743669600,-44.55000000000001,0.03942428472784343,0.03740106659667776,0.002023218131165669
2025-04-03 14:15:00+05:30,1743669900,-44.95,0.03988442752748966,0.03789773878284014,0.001986688744649523
2025-04-03 14:20:00+05:30,1743670200,-44.55,0.040597277588339864,0.038437646543940086,0.0021596310443997777
2025-04-03 14:25:00+05:30,1743670500,-44.650000000000006,0.041162560887151756,0.038982629412582424,0.0021799314745693313
2025-04-03 14:30:00+05:30,1743670800,-43.650000000000006,0.04243685620594562,0.03967347477125507,0.0027633814346905497
2025-04-03 14:35:00+05:30,1743671100,-43.45,0.04376292708033702,0.04049136523307146,0.0032715618472655625
2025-04-03 14:40:00+05:30,1743671400,-43.3,0.04509832540280456,0.04141275726701808,0.0036855681357864795
2025-04-03 14:45:00+05:30,1743671700,-43.650000000000006,0.04605563257627665,0.0423413323288698,0.0037143002474068487
2025-04-03 14:50:00+05:30,1743672000,-43.150000000000006,0.04731081785749325,0.043335229434594495,0.003975588422898753
2025-04-03 14:55:00+05:30,1743672300,-43.19999999999999,0.04842212586854089,0.044352608721383774,0.0040695171471571145
2025-04-03 15:00:00+05:30,1743672600,-43.54999999999998,0.04916505649610059,0.04531509827632714,0.00384995821977345
2025-04-03 15:05:00+05:30,1743672900,-42.849999999999994,0.050369562943799906,0.0463259912098217,0.004043571733978207
2025-04-03 15:10:00+05:30,1743673200,-42.55,0.05170072227922162,0.04740093742370168,0.0042997848555199406
2025-04-03 15:15:00+05:30,1743673500,-39.849999999999994,0.05500277643610474,0.0489213052261823,0.0060814712099224386
2025-04-03 15:20:00+05:30,1743673800,-40.650000000000006,0.057464044467906206,0.05062985307452709,0.006834191393379117
2025-04-03 15:25:00+05:30,1743674100,-41.599999999999994,0.05901293428266996,0.052306469316155665,0.0067064649665142945
2025-04-04 09:15:00+05:30,1743738300,-23.150000000000006,0.07467026777010943,0.05677922900694642,0.01789103876316301
2025-04-04 09:20:00+05:30,1743738600,-18.9,0.09269199180712917,0.06396178156698297,0.0287302102401462
2025-04-04 09:25:00+05:30,1743738900,-22.15,0.10714648883397615,0.07259872302038162,0.03454776581359453
2025-04-04 09:30:00+05:30,1743739200,-27.199999999999996,0.11682891117223448,0.0814447606507522,0.03538415052148229
2025-04-04 09:35:00+05:30,1743739500,-27.35000000000001,0.12577486359177215,0.09031078123895618,0.035464082352815965
2025-04-04 09:40:00+05:30,1743739800,-21.85,0.1383782055653313,0.09992426610423122,0.038453939461100095
2025-04-04 09:45:00+05:30,1743740100,-20.4,0.15130320257597418,0.11020005339857981,0.04110314917739437
2025-04-04 09:50:00+05:30,1743740400,-15.399999999999999,0.16726198080187515,0.1216124388792389,0.04564954192263626
2025-04-04 09:55:00+05:30,1743740700,-15.600000000000001,0.18206286959321005,0.13370252502203311,0.04836034457117694
2025-04-04 10:00:00+05:30,1743741000,-13.600000000000001,0.19745575068724008,0.14645317015507453,0.05100258053216555
2025-04-04 10:05:00+05:30,1743741300,-13.200000000000003,0.21216150053808747,0.15959483623167714,0.05256666430641033
2025-04-04 10:10:00+05:30,1743741600,-11.5,0.2272097009079701,0.17311780916693575,0.05409189174103435
2025-04-04 10:15:00+05:30,1743741900,-13.000000000000004,0.24010036168520088,0.1865143196705888,0.05358604201461209
2025-04-04 10:20:00+05:30,1743742200,-10.75,0.2538358325902692,0.1999786222545249,0.05385721033574431
2025-04-04 10:25:00+05:30,1743742500,-11.350000000000001,0.26615972389522113,0.21321484258266415,0.05294488131255698
2025-04-04 10:30:00+05:30,1743742800,-10.850000000000001,0.27798880060897346,0.22616963418792602,0.05181916642104745
2025-04-04 10:35:00+05:30,1743743100,-12.25,0.2878747144847651,0.23851065024729384,0.04936406423747125
2025-04-04 10:40:00+05:30,1743743400,-11.55,0.29753699370906617,0.25031591893964833,0.04722107476941784
2025-04-04 10:45:00+05:30,1743743700,-11.649999999999999,0.3063630322861499,0.2615253416089487,0.044837690677201225
2025-04-04 10:50:00+05:30,1743744000,-12.8,0.3135814985913754,0.27193657300543406,0.04164492558594135
2025-04-04 10:55:00+05:30,1743744300,-14.000000000000004,0.3192363202072279,0.28139652244579283,0.03783979776143509
2025-04-04 11:00:00+05:30,1743744600,-14.349999999999998,0.32406480290358175,0.28993017853735065,0.0341346243662311
2025-04-04 11:05:00+05:30,1743744900,-15.8,0.32725956993384386,0.29739605681664927,0.029863513117194596
2025-04-04 11:10:00+05:30,1743745200,-15.75,0.33006530510681387,0.3039299064746822,0.026135398632131657
2025-04-04 11:15:00+05:30,1743745500,-12.649999999999999,0.3348550090219149,0.3101149269841288,0.024740082037786104
2025-04-04 11:20:00+05:30,1743745800,-12.2,0.33947112699296866,0.31598616698589677,0.023484960007071898
2025-04-04 11:25:00+05:30,1743746100,-14.050000000000004,0.34214457430769585,0.3212178484502566,0.020926725857439266
2025-04-04 11:30:00+05:30,1743746400,-13.850000000000001,0.34456183074173197,0.3258866449085517,0.018675185833180286
2025-04-04 11:35:00+05:30,1743746700,-10.7,0.34901174236576793,0.33051166439999496,0.018500077965772965
2025-04-04 11:40:00+05:30,1743747000,-10.099999999999998,0.35341152436011214,0.3350916363920184,0.01831988796809375
2025-04-04 11:45:00+05:30,1743747300,-9.850000000000001,0.3574904141715791,0.3395713919479305,0.017919022223648606
2025-04-04 11:50:00+05:30,1743747600,-9.2,0.3615715485589419,0.3439714232701328,0.01760012528880911
2025-04-04 11:55:00+05:30,1743747900,-9.950000000000001,0.36457119956597595,0.34809137852930144,0.016479821036674502
2025-04-04 12:00:00+05:30,1743748200,-8.799999999999999,0.36801264380391174,0.3520756315842235,0.01593701221968824
2025-04-04 12:05:00+05:30,1743748500,-9.2,0.37067279907043726,0.35579506508146624,0.01487773398897102
2025-04-04 12:10:00+05:30,1743748800,-9.0,0.37305547502151626,0.35924714706947625,0.013808327952040012
2025-04-04 12:15:00+05:30,1743749100,-10.2,0.37409358182920727,0.3622164340214225,0.01187714780778476
2025-04-04 12:20:00+05:30,1743749400,-9.600000000000001,0.37524915021113614,0.3648229772593653,0.01042617295177084
2025-04-04 12:25:00+05:30,1743749700,-8.7,0.3767463782455245,0.3672076574565971,0.009538720788927368
2025-04-04 12:30:00+05:30,1743750000,-8.45,0.3780637493872341,0.3693788758427245,0.008684873544509586
2025-04-04 12:35:00+05:30,1743750300,-8.299999999999999,0.3791329267412138,0.3713296860224224,0.007803240718791404
2025-04-04 12:40:00+05:30,1743750600,-8.3,0.3798509217537891,0.3730339331686957,0.0068169885850933865
2025-04-04 12:45:00+05:30,1743750900,-7.85,0.3805837123923439,0.37454388901342534,0.006039823378918563
2025-04-04 12:50:00+05:30,1743751200,-7.800000000000001,0.3810212208794539,0.37583935538663105,0.005181865492822846
2025-04-04 12:55:00+05:30,1743751500,-8.150000000000002,0.3808705878859797,0.3768456018865008,0.004024985999478925
2025-04-04 13:00:00+05:30,1743751800,-7.25,0.38112884885712717,0.37770225128062607,0.0034265975765011003
2025-04-04 13:05:00+05:30,1743752100,-8.350000000000001,0.3802298917091811,0.3782077793663371,0.0020221123428439958
2025-04-04 13:10:00+05:30,1743752400,-6.85,0.38024437933514577,0.37861509936009885,0.0016292799750469156
2025-04-04 13:15:00+05:30,1743752700,-7.350000000000001,0.3795787411646394,0.378807827721007,0.0007709134436323928
2025-04-04 13:20:00+05:30,1743753000,-7.200000000000001,0.3787723980502342,0.37880074178685247,-2.8343736618252624e-05
2025-04-04 13:25:00+05:30,1743753300,-7.200000000000001,0.37771791907865904,0.37858417724521376,-0.0008662581665547231
2025-04-04 13:30:00+05:30,1743753600,-6.800000000000001,0.3767384160576128,0.3782150250076936,-0.0014766089500807822
2025-04-04 13:35:00+05:30,1743753900,-6.4,0.37583053665102995,0.3777381273363609,-0.0019075906853309732
2025-04-04 13:40:00+05:30,1743754200,-5.599999999999998,0.3752997584608977,0.3772504535612683,-0.001950695100370603
2025-04-04 13:45:00+05:30,1743754500,-5.6,0.37450842498852666,0.37670204784672,-0.002193622858193356
2025-04-04 13:50:00+05:30,1743754800,-5.4,0.3736257747124121,0.3760867932198585,-0.0024610185074463997
2025-04-04 13:55:00+05:30,1743755100,-5.299999999999999,0.37258031710069517,0.3753854979960259,-0.0028051808953307167
2025-04-04 14:00:00+05:30,1743755400,-5.0,0.3715361307012728,0.3746156245370753,-0.003079493835802527
2025-04-04 14:05:00+05:30,1743755700,-5.100000000000001,0.3701852501892944,0.37372954966751915,-0.003544299478224766
2025-04-04 14:10:00+05:30,1743756000,-5.15,0.36858411095932553,0.3727004619258804,-0.0041163509665548825
2025-04-04 14:15:00+05:30,1743756300,-5.15,0.3667862491936589,0.3715176193794361,-0.0047313701857772394
2025-04-04 14:20:00+05:30,1743756600,-5.15,0.3648038317159852,0.3701748618467459,-0.005371030130760734
2025-04-04 14:25:00+05:30,1743756900,-4.950000000000001,0.362802851868409,0.3687004598510785,-0.005897607982669528
2025-04-04 14:30:00+05:30,1743757200,-4.800000000000001,0.360747283340384,0.36710982454893964,-0.006362541208555672
2025-04-04 14:35:00+05:30,1743757500,-4.899999999999999,0.3584487652326942,0.3653776126856906,-0.006928847452996378
2025-04-04 14:40:00+05:30,1743757800,-4.85,0.35603814681276447,0.36350971951110533,-0.007471572698340867
2025-04-04 14:45:00+05:30,1743758100,-5.0,0.3533690802052991,0.3614815916499441,-0.008112511444644976
2025-04-04 14:50:00+05:30,1743758400,-4.85,0.3506893129603075,0.3593231359120168,-0.008633822951709336
2025-04-04 14:55:00+05:30,1743758700,-4.5,0.34815585029678076,0.35708967878896963,-0.008933828492188878
2025-04-04 15:00:00+05:30,1743759000,-5.300000000000001,0.3448751138526749,0.3546467658017107,-0.009771651949035787
2025-04-04 15:05:00+05:30,1743759300,-5.549999999999999,0.34131504665316115,0.3519804219720008,-0.010665375318839654
2025-04-04 15:10:00+05:30,1743759600,-5.65,0.33760946506006206,0.3491062305896131,-0.011496765529551034
2025-04-04 15:15:00+05:30,1743759900,-5.65,0.3338463776425744,0.34605426000020534,-0.012207882357630928
2025-04-04 15:20:00+05:30,1743760200,-5.75,0.3299546642007769,0.34283434084031966,-0.012879676639542759
2025-04-04 15:25:00+05:30,1743760500,-5.799999999999999,0.32598296387120484,0.33946406544649677,-0.01348110157529192
