epoch_short,datetime_ist,open_short,high_short,low_short,close_short,volume_short,epoch_long,open_long,high_long,low_long,close_long,volume_long,price_diff,macd
1742787900,2025-03-24 09:15:00+05:30,227.55,259.9,227.55,259.1,108375,1742787900,274.8,310.7,274.75,309.7,36450,-50.599999999999966,0.0
1742788200,2025-03-24 09:20:00+05:30,258.7,260.7,246.0,258.6,38625,1742788200,309.6,309.9,294.55,309.7,44775,-51.099999999999966,-0.0003858769052698108
1742788500,2025-03-24 09:25:00+05:30,257.95,257.95,248.0,248.85,48900,1742788500,305.9,307.7,297.6,298.85,22875,-50.00000000000003,9.861712303660397e-05
1742788800,2025-03-24 09:30:00+05:30,247.9,248.15,235.0,236.0,33225,1742788800,297.35,297.35,281.0,281.15,30975,-45.14999999999998,0.00429949340630742
1742789100,2025-03-24 09:35:00+05:30,235.7,244.65,233.0,233.0,23925,1742789100,282.35,292.05,280.5,283.0,6600,-50.0,0.004523860556240322
1742789400,2025-03-24 09:40:00+05:30,233.0,253.95,231.65,247.0,18225,1742789400,280.0,302.35,277.5,295.0,19275,-48.0,0.006275949930213187
1742789700,2025-03-24 09:45:00+05:30,247.0,262.0,247.0,258.45,22425,1742789700,296.45,311.45,296.45,309.9,20700,-51.44999999999999,0.0052646402723723895
1742790000,2025-03-24 09:50:00+05:30,258.95,272.0,258.75,262.85,33225,1742790000,309.9,323.45,309.9,312.8,19575,-49.94999999999999,0.0054623125519626115
1742790300,2025-03-24 09:55:00+05:30,262.85,288.5,262.85,285.55,37800,1742790300,314.4,342.05,314.4,338.2,17925,-52.64999999999998,0.003561202624794646
1742790600,2025-03-24 10:00:00+05:30,286.2,296.0,283.0,291.1,43200,1742790600,338.2,349.65,335.45,343.65,17700,-52.549999999999955,0.0018386901139493261
1742790900,2025-03-24 10:05:00+05:30,291.55,292.2,286.7,287.65,26925,1742790900,343.65,346.4,338.4,339.3,19800,-51.650000000000034,0.0009037212636542336
1742791200,2025-03-24 10:10:00+05:30,287.65,289.35,284.25,288.0,19275,1742791200,339.75,342.95,335.25,341.65,45675,-53.64999999999998,-0.0015242214881538985
1742791500,2025-03-24 10:15:00+05:30,288.55,298.0,286.4,298.0,9525,1742791500,341.25,352.0,338.25,352.0,18075,-54.0,-0.004088063790909757
1742791800,2025-03-24 10:20:00+05:30,298.0,300.0,290.0,291.75,13500,1742791800,353.0,353.0,341.95,343.75,32325,-52.0,-0.004964758984044693
1742792100,2025-03-24 10:25:00+05:30,290.85,300.8,290.75,299.5,34650,1742792100,343.55,354.05,342.4,350.75,17475,-51.25,-0.005210769154835759
1742792400,2025-03-24 10:30:00+05:30,299.5,305.6,298.4,299.25,25800,1742792400,350.55,359.15,350.55,352.75,24300,-53.5,-0.007175723959029767
1742792700,2025-03-24 10:35:00+05:30,298.85,312.1,298.75,307.75,40050,1742792700,352.85,366.1,352.55,361.35,31200,-53.60000000000002,-0.00910464749556894
1742793000,2025-03-24 10:40:00+05:30,308.5,316.8,308.05,313.95,37125,1742793000,361.6,371.85,361.6,368.0,30225,-54.05000000000001,-0.011268139260096177
1742793300,2025-03-24 10:45:00+05:30,313.95,321.0,311.1,321.0,15825,1742793300,368.75,374.95,364.8,374.8,20175,-53.80000000000001,-0.013111448848633245
1742793600,2025-03-24 10:50:00+05:30,321.2,329.45,318.75,328.0,23175,1742793600,375.0,384.45,373.35,382.35,23775,-54.35000000000002,-0.01526810095721487
1742793900,2025-03-24 10:55:00+05:30,328.0,352.4,328.0,352.1,44325,1742793900,382.35,408.85,382.25,408.15,38025,-56.049999999999955,-0.01860677861034077
1742794200,2025-03-24 11:00:00+05:30,353.4,357.75,338.85,349.9,39075,1742794200,409.1,414.75,394.25,406.9,32100,-57.0,-0.022481321289916423
1742794500,2025-03-24 11:05:00+05:30,349.9,350.8,336.0,336.0,59925,1742794500,406.9,406.95,390.85,390.85,30450,-54.85000000000002,-0.024466939522994835
1742794800,2025-03-24 11:10:00+05:30,336.0,340.6,324.9,337.5,26400,1742794800,392.0,397.2,380.05,393.4,18300,-55.89999999999998,-0.027135215804257484
1742795100,2025-03-24 11:15:00+05:30,336.75,337.25,326.45,328.7,10050,1742795100,392.4,393.6,381.3,385.5,9225,-56.80000000000001,-0.030330921889287765
1742795400,2025-03-24 11:20:00+05:30,328.7,338.2,328.7,335.75,14400,1742795400,385.55,393.0,385.35,389.75,4650,-54.0,-0.03116720211752977
1742795700,2025-03-24 11:25:00+05:30,335.75,344.05,334.8,339.55,13800,1742795700,389.75,400.65,389.75,397.75,11325,-58.19999999999999,-0.0351749713688676
1742796000,2025-03-24 11:30:00+05:30,339.55,345.25,338.65,339.1,27675,1742796000,396.6,402.45,394.7,395.9,12750,-56.799999999999955,-0.03785553507267281
1742796300,2025-03-24 11:35:00+05:30,338.75,339.45,318.2,320.65,33150,1742796300,395.9,395.9,373.7,374.3,5400,-53.650000000000034,-0.03792897891690927
1742796600,2025-03-24 11:40:00+05:30,320.65,325.3,305.15,310.75,39525,1742796600,374.3,379.6,359.45,366.0,12600,-55.25,-0.039203932703763655
1742796900,2025-03-24 11:45:00+05:30,311.65,330.1,311.65,326.95,29025,1742796900,366.0,384.0,366.0,382.8,3225,-55.85000000000002,-0.04084182251100543
1742797200,2025-03-24 11:50:00+05:30,325.9,328.5,322.15,328.35,15150,1742797200,382.8,384.65,376.85,383.0,7050,-54.64999999999998,-0.041432340526760925
1742797500,2025-03-24 11:55:00+05:30,328.2,334.45,324.25,333.5,20700,1742797500,383.0,390.7,380.0,390.7,10425,-57.19999999999999,-0.04392649804115223
1742797800,2025-03-24 12:00:00+05:30,333.5,336.6,326.5,328.0,30750,1742797800,390.7,393.0,383.2,385.3,10425,-57.30000000000001,-0.046327264329178774
1742798100,2025-03-24 12:05:00+05:30,326.75,332.95,323.4,331.4,18900,1742798100,384.0,389.1,379.15,387.25,5775,-55.85000000000002,-0.04744168551144412
1742798400,2025-03-24 12:10:00+05:30,332.1,339.0,331.8,337.7,21675,1742798400,387.75,395.15,387.75,395.15,4275,-57.44999999999999,-0.04969323531462777
1742798700,2025-03-24 12:15:00+05:30,338.25,346.5,335.55,342.75,21975,1742798700,394.15,402.05,392.25,399.0,8175,-56.25,-0.05085695700950765
1742799000,2025-03-24 12:20:00+05:30,342.75,344.45,337.5,341.6,10875,1742799000,400.5,402.25,395.0,399.0,7950,-57.39999999999998,-0.052805180963808596
1742799300,2025-03-24 12:25:00+05:30,341.55,349.0,339.65,347.05,13575,1742799300,399.05,407.4,399.05,406.0,11475,-58.94999999999999,-0.05580211872731411
1742799600,2025-03-24 12:30:00+05:30,347.85,349.35,338.05,338.3,12000,1742799600,405.75,407.55,396.15,396.6,57300,-58.30000000000001,-0.058090135248349384
1742799900,2025-03-24 12:35:00+05:30,338.35,343.35,335.75,335.75,9000,1742799900,396.6,402.25,393.2,393.2,21300,-57.44999999999999,-0.05955195897892196
1742800200,2025-03-24 12:40:00+05:30,336.3,342.0,333.15,340.3,14025,1742800200,393.1,398.75,389.7,398.5,3075,-58.19999999999999,-0.061466538685685634
1742800500,2025-03-24 12:45:00+05:30,340.2,346.1,334.25,344.75,22425,1742800500,398.5,404.25,392.0,404.25,5325,-59.5,-0.0642320528336171
1742800800,2025-03-24 12:50:00+05:30,345.75,345.75,339.45,344.4,10425,1742800800,404.25,404.25,397.4,403.2,5025,-58.80000000000001,-0.06625623296083916
1742801100,2025-03-24 12:55:00+05:30,345.1,347.9,329.6,333.2,12450,1742801100,403.2,405.5,387.0,391.5,8850,-58.30000000000001,-0.06773248870295845
1742801400,2025-03-24 13:00:00+05:30,332.85,339.95,329.65,338.5,8700,1742801400,391.5,397.35,387.2,397.35,6075,-58.85000000000002,-0.06950004550902378
1742801700,2025-03-24 13:05:00+05:30,338.5,344.2,337.65,344.0,12525,1742801700,397.35,401.75,395.0,401.75,4200,-57.75,-0.07026818377081412
1742802000,2025-03-24 13:10:00+05:30,343.5,349.0,342.4,347.95,11100,1742802000,401.75,406.8,401.75,406.8,6000,-58.85000000000002,-0.0717889317178475
1742802300,2025-03-24 13:15:00+05:30,347.95,352.55,343.55,343.9,17850,1742802300,407.2,410.85,402.0,402.05,12750,-58.150000000000034,-0.07263071996126058
1742802600,2025-03-24 13:20:00+05:30,344.85,348.15,343.0,344.95,17775,1742802600,403.1,405.95,401.2,401.8,10125,-56.85000000000002,-0.07236704983288433
1742802900,2025-03-24 13:25:00+05:30,345.15,351.45,344.75,349.45,19275,1742802900,402.5,410.0,402.5,409.3,7725,-59.85000000000002,-0.07437723926791051
1742803200,2025-03-24 13:30:00+05:30,349.05,350.5,344.45,347.2,12075,1742803200,408.55,410.35,402.85,405.7,13950,-58.5,-0.07517801277459313
1742803500,2025-03-24 13:35:00+05:30,347.4,351.2,345.0,350.0,14250,1742803500,405.7,411.3,403.35,409.35,6600,-59.35000000000002,-0.07653288010202886
1742803800,2025-03-24 13:40:00+05:30,349.95,353.65,345.4,345.4,12825,1742803800,409.35,412.6,403.25,404.4,6300,-59.0,-0.07748432974832298
1742804100,2025-03-24 13:45:00+05:30,345.0,345.0,332.9,340.4,25050,1742804100,404.4,404.4,390.0,398.2,5700,-57.80000000000001,-0.07739774176803849
1742804400,2025-03-24 13:50:00+05:30,340.0,348.15,340.0,346.0,13050,1742804400,398.2,405.55,397.95,404.7,18450,-58.69999999999999,-0.07795074476197072
1742804700,2025-03-24 13:55:00+05:30,345.6,360.0,345.35,359.25,22350,1742804700,404.7,419.2,404.05,419.2,12825,-59.94999999999999,-0.07937797970084404
1742805000,2025-03-24 14:00:00+05:30,357.75,361.7,355.15,355.75,20925,1742805000,416.8,421.4,415.6,415.95,15000,-60.19999999999999,-0.08085868817985897
1742805300,2025-03-24 14:05:00+05:30,356.0,359.0,352.1,356.85,29475,1742805300,415.4,418.8,413.0,416.5,7500,-59.64999999999998,-0.08177139435118619
1742805600,2025-03-24 14:10:00+05:30,357.0,370.25,355.25,369.15,43575,1742805600,416.35,430.65,416.35,429.6,10050,-60.450000000000045,-0.08318838488870028
1742805900,2025-03-24 14:15:00+05:30,369.25,372.5,365.6,369.2,18600,1742805900,429.6,433.0,425.65,430.15,17100,-60.94999999999999,-0.08484940806132357
1742806200,2025-03-24 14:20:00+05:30,369.3,376.6,367.9,375.9,25350,1742806200,430.15,437.55,427.25,437.55,6975,-61.650000000000034,-0.0868941610789733
1742806500,2025-03-24 14:25:00+05:30,375.9,382.55,374.0,375.0,32625,1742806500,437.55,443.75,434.25,435.7,19650,-60.69999999999999,-0.08802664581543951
1742806800,2025-03-24 14:30:00+05:30,375.0,375.25,370.55,370.55,14025,1742806800,433.85,436.6,430.5,431.1,14175,-60.55000000000001,-0.08891337862283422
1742807100,2025-03-24 14:35:00+05:30,370.0,377.5,369.6,376.8,13125,1742807100,430.0,439.0,430.0,437.0,10875,-60.19999999999999,-0.08941279025874138
1742807400,2025-03-24 14:40:00+05:30,376.8,377.2,370.0,371.05,7350,1742807400,437.0,438.0,429.3,434.15,4125,-63.099999999999966,-0.09205391826246512
1742807700,2025-03-24 14:45:00+05:30,371.05,373.7,367.85,372.8,9000,1742807700,434.15,434.15,427.65,433.4,8700,-60.599999999999966,-0.09254989943498515
1742808000,2025-03-24 14:50:00+05:30,372.8,376.75,370.8,376.15,7575,1742808000,433.4,437.0,431.05,436.65,8325,-60.5,-0.09287010243834715
1742808300,2025-03-24 14:55:00+05:30,376.85,377.2,368.0,370.95,15300,1742808300,437.55,437.55,426.55,430.9,9900,-59.94999999999999,-0.09267662262042364
1742808600,2025-03-24 15:00:00+05:30,370.95,370.95,348.05,351.15,16650,1742808600,430.9,430.9,405.95,411.7,12450,-60.55000000000001,-0.09288527318603457
1742808900,2025-03-24 15:05:00+05:30,351.2,364.2,351.2,362.3,13800,1742808900,409.05,423.3,408.65,421.65,6900,-59.349999999999966,-0.09208470170776906
1742809200,2025-03-24 15:10:00+05:30,363.25,364.95,359.55,361.25,10800,1742809200,421.9,423.2,418.05,421.45,17775,-60.19999999999999,-0.09191292117934324
1742809500,2025-03-24 15:15:00+05:30,360.5,370.35,360.5,370.25,13125,1742809500,418.95,429.2,418.95,429.0,7125,-58.75,-0.09056057611018531
1742809800,2025-03-24 15:20:00+05:30,370.25,375.95,369.3,375.5,10800,1742809800,429.75,437.0,429.55,437.0,10800,-61.5,-0.09133476464997159
1742810100,2025-03-24 15:25:00+05:30,375.5,379.75,375.0,378.5,19725,1742810100,436.25,439.0,434.4,437.85,21150,-59.35000000000002,-0.09033677325460587
1742874300,2025-03-25 09:15:00+05:30,398.95,426.85,396.6,396.6,51525,1742874300,470.65,475.65,457.5,457.5,45675,-60.89999999999998,-0.09051996697660059
1742874600,2025-03-25 09:20:00+05:30,395.0,398.25,379.7,381.2,48000,1742874600,456.5,459.75,439.0,439.05,62325,-57.85000000000002,-0.08826941443485481
1742874900,2025-03-25 09:25:00+05:30,378.8,396.25,364.25,395.15,49425,1742874900,437.85,457.0,422.7,454.7,59775,-59.55000000000001,-0.08738603906157039
1742875200,2025-03-25 09:30:00+05:30,393.75,413.2,393.75,413.2,52050,1742875200,454.6,474.3,454.45,474.3,47625,-61.10000000000002,-0.08767984571602483
1742875500,2025-03-25 09:35:00+05:30,413.2,432.25,410.0,427.0,48450,1742875500,475.45,495.6,471.45,490.55,42900,-63.55000000000001,-0.08978068295648
1742875800,2025-03-25 09:40:00+05:30,427.0,432.0,424.0,427.85,19950,1742875800,491.05,494.95,487.2,490.6,17925,-62.75,-0.09107971419498284
1742876100,2025-03-25 09:45:00+05:30,428.3,442.0,419.0,441.55,30300,1742876100,490.6,505.55,482.8,504.1,30900,-62.55000000000001,-0.09208292376099791
1742876400,2025-03-25 09:50:00+05:30,440.6,469.15,440.0,468.0,78225,1742876400,505.35,535.15,503.75,533.45,52275,-65.45000000000005,-0.09519818364308463
1742876700,2025-03-25 09:55:00+05:30,467.2,490.1,466.0,486.55,46950,1742876700,533.0,555.55,530.1,551.85,33075,-65.30000000000001,-0.09795351172099487
1742877000,2025-03-25 10:00:00+05:30,486.0,486.55,462.3,468.3,43425,1742877000,552.15,552.15,527.05,532.2,25200,-63.900000000000034,-0.09940181158724926
1742877300,2025-03-25 10:05:00+05:30,469.2,474.75,456.15,457.5,24150,1742877300,531.55,539.15,520.55,521.5,12075,-64.0,-0.1007712142109014
1742877600,2025-03-25 10:10:00+05:30,457.35,457.9,433.0,433.0,36450,1742877600,520.0,522.35,498.2,498.2,24150,-65.19999999999999,-0.10291391507844594
1742877900,2025-03-25 10:15:00+05:30,430.7,458.0,424.1,453.65,34875,1742877900,493.55,522.0,484.85,514.2,14625,-60.55000000000007,-0.10127112825416162
1742878200,2025-03-25 10:20:00+05:30,454.0,467.25,451.65,463.3,21450,1742878200,516.55,531.95,514.7,527.95,13425,-64.65000000000003,-0.10280439139034314
1742878500,2025-03-25 10:25:00+05:30,462.95,468.0,455.75,456.5,19275,1742878500,525.9,531.95,519.5,524.45,9675,-67.95000000000005,-0.10672108800206814
1742878800,2025-03-25 10:30:00+05:30,456.25,457.2,438.5,439.65,13425,1742878800,521.95,521.95,500.3,503.9,15825,-64.25,-0.10748531959551855
1742879100,2025-03-25 10:35:00+05:30,438.25,441.1,392.0,413.3,55125,1742879100,503.9,503.9,451.25,473.45,30825,-60.14999999999998,-0.10496053265705996
1742879400,2025-03-25 10:40:00+05:30,411.8,426.65,400.6,423.4,43350,1742879400,473.45,487.8,460.05,485.7,32475,-62.30000000000001,-0.10415235720998339
1742879700,2025-03-25 10:45:00+05:30,424.15,426.7,410.85,418.95,42225,1742879700,486.85,488.65,471.5,477.85,30375,-58.900000000000034,-0.10068412241468394
1742880000,2025-03-25 10:50:00+05:30,415.0,418.55,402.85,404.9,7575,1742880000,475.0,481.45,462.45,464.75,10950,-59.85000000000002,-0.09806139064701824
1742880300,2025-03-25 10:55:00+05:30,404.0,404.0,367.3,395.05,39450,1742880300,464.95,465.05,425.0,455.35,27000,-60.30000000000001,-0.09585398017193114
1742880600,2025-03-25 11:00:00+05:30,393.3,395.2,376.1,390.75,43350,1742880600,455.35,455.35,435.2,449.85,18675,-59.10000000000002,-0.0927674434483805
1742880900,2025-03-25 11:05:00+05:30,391.85,405.15,379.0,379.0,25350,1742880900,449.85,465.45,436.45,437.05,52200,-58.05000000000001,-0.08896809689571228
1742881200,2025-03-25 11:10:00+05:30,379.05,397.55,378.75,390.45,14850,1742881200,436.5,457.4,436.5,452.6,17475,-62.150000000000034,-0.08847246287119503
1742881500,2025-03-25 11:15:00+05:30,390.45,401.4,385.1,394.7,12000,1742881500,452.2,463.0,443.85,456.95,15600,-62.25,-0.08801288329611623
1742881800,2025-03-25 11:20:00+05:30,394.7,394.7,374.0,375.5,10425,1742881800,456.95,456.95,432.65,433.0,7275,-57.5,-0.08384473128541714
1742882100,2025-03-25 11:25:00+05:30,373.8,378.5,357.0,366.5,27000,1742882100,430.55,437.5,417.0,423.7,14625,-57.19999999999999,-0.07960873753169295
1742882400,2025-03-25 11:30:00+05:30,366.5,382.05,365.95,379.7,16200,1742882400,423.7,443.15,423.7,439.15,10725,-59.44999999999999,-0.07727986075190074
1742882700,2025-03-25 11:35:00+05:30,378.8,380.75,358.4,360.0,10125,1742882700,437.45,440.65,416.0,416.0,18300,-56.0,-0.07235640198532423
1742883000,2025-03-25 11:40:00+05:30,360.0,366.95,350.05,355.75,14175,1742883000,416.3,423.75,407.55,413.15,17250,-57.39999999999998,-0.0687273357870879
1742883300,2025-03-25 11:45:00+05:30,355.9,368.85,355.9,358.0,11475,1742883300,413.15,428.05,413.15,415.3,14325,-57.30000000000001,-0.06516690656690116
1742883600,2025-03-25 11:50:00+05:30,357.8,375.55,352.05,372.45,12000,1742883600,413.8,436.35,409.1,432.9,13125,-60.44999999999999,-0.0641823010534921
1742883900,2025-03-25 11:55:00+05:30,372.45,388.5,368.9,387.25,10275,1742883900,435.45,451.0,426.65,451.0,9375,-63.75,-0.06574890116647225
1742884200,2025-03-25 12:00:00+05:30,390.65,395.25,388.55,393.0,12300,1742884200,452.1,456.5,448.7,450.0,17550,-57.0,-0.061969579991256296
1742884500,2025-03-25 12:05:00+05:30,393.0,405.2,386.7,403.15,17100,1742884500,450.0,466.95,446.05,463.75,6900,-60.60000000000002,-0.06112783336626393
1742884800,2025-03-25 12:10:00+05:30,404.15,404.2,380.0,385.6,9075,1742884800,463.75,463.95,440.5,444.0,7200,-58.39999999999998,-0.0585871758225025
1742885100,2025-03-25 12:15:00+05:30,385.6,387.4,360.0,363.8,12150,1742885100,444.0,447.0,418.75,423.3,9825,-59.5,-0.056989446706126046
1742885400,2025-03-25 12:20:00+05:30,363.8,380.85,363.8,375.95,6675,1742885400,423.3,440.0,421.5,438.55,5325,-62.60000000000002,-0.05782771938064002
1742885700,2025-03-25 12:25:00+05:30,375.95,378.0,367.6,375.05,13350,1742885700,439.15,439.15,425.75,433.05,10650,-58.0,-0.05502536301462868
1742886000,2025-03-25 12:30:00+05:30,374.05,382.25,367.8,367.8,5325,1742886000,433.3,441.5,426.85,428.6,7200,-60.80000000000001,-0.05449500505800842
1742886300,2025-03-25 12:35:00+05:30,367.8,381.6,366.4,381.55,9375,1742886300,427.05,441.55,423.9,441.55,3150,-60.0,-0.05333424803509956
1742886600,2025-03-25 12:40:00+05:30,381.55,385.95,372.85,385.2,7125,1742886600,441.55,446.85,431.85,444.55,4350,-59.35000000000002,-0.05169429325073338
1742886900,2025-03-25 12:45:00+05:30,385.2,390.95,380.0,387.75,4125,1742886900,444.55,452.1,441.3,448.25,6300,-60.5,-0.05099182061680807
1742887200,2025-03-25 12:50:00+05:30,387.75,389.2,376.15,379.0,5025,1742887200,447.25,449.1,435.7,438.8,6000,-59.80000000000001,-0.04974825883482481
1742887500,2025-03-25 12:55:00+05:30,379.0,384.45,376.3,382.2,6375,1742887500,438.95,444.75,436.7,440.55,22200,-58.35000000000002,-0.04741540099085739
1742887800,2025-03-25 13:00:00+05:30,382.2,384.2,373.25,378.0,6525,1742887800,441.35,444.05,432.9,439.45,12450,-61.44999999999999,-0.04756621477022094
1742888100,2025-03-25 13:05:00+05:30,378.0,383.9,374.45,382.85,5925,1742888100,439.45,445.5,434.45,443.7,13350,-60.849999999999966,-0.04720900308702625
1742888400,2025-03-25 13:10:00+05:30,382.85,384.35,375.95,375.95,5625,1742888400,443.85,445.5,436.8,436.8,17400,-60.85000000000002,-0.04683493091872748
1742888700,2025-03-25 13:15:00+05:30,375.95,376.1,357.4,361.8,18000,1742888700,435.35,437.0,414.75,420.25,10950,-58.44999999999999,-0.04459300167385294
1742889000,2025-03-25 13:20:00+05:30,362.1,372.9,359.05,371.75,18375,1742889000,421.3,432.9,417.0,431.1,116700,-59.35000000000002,-0.04313408147757514
1742889300,2025-03-25 13:25:00+05:30,371.3,373.15,362.85,365.0,8475,1742889300,431.1,431.5,421.8,423.3,4200,-58.30000000000001,-0.04091147172116649
1742889600,2025-03-25 13:30:00+05:30,367.2,376.75,365.2,376.75,4800,1742889600,423.75,436.7,423.75,435.85,2850,-59.10000000000002,-0.03939647826495474
1742889900,2025-03-25 13:35:00+05:30,376.9,391.2,376.25,391.2,11850,1742889900,435.0,452.25,435.0,450.0,8025,-58.80000000000001,-0.03770256762342683
1742890200,2025-03-25 13:40:00+05:30,390.0,392.95,383.15,390.8,8175,1742890200,450.0,453.3,442.45,451.95,4650,-61.14999999999998,-0.0378859983578792
1742890500,2025-03-25 13:45:00+05:30,390.8,399.25,386.6,399.25,9900,1742890500,451.15,461.7,446.25,461.7,11625,-62.44999999999999,-0.03903341938327287
1742890800,2025-03-25 13:50:00+05:30,399.85,407.25,393.3,403.25,8250,1742890800,461.65,470.05,453.8,462.9,9300,-59.64999999999998,-0.03792693316407281
1742891100,2025-03-25 13:55:00+05:30,403.7,405.05,397.3,401.1,10575,1742891100,465.1,466.95,457.0,461.4,11700,-60.299999999999955,-0.037353446048406624
1742891400,2025-03-25 14:00:00+05:30,401.1,401.1,390.0,400.35,7650,1742891400,460.75,462.25,449.05,462.25,3975,-61.89999999999998,-0.038017361316811105
1742891700,2025-03-25 14:05:00+05:30,400.15,402.45,394.85,400.4,8175,1742891700,461.0,462.95,455.65,461.95,4575,-61.55000000000001,-0.03834544378924676
1742892000,2025-03-25 14:10:00+05:30,399.7,406.65,396.55,405.8,9300,1742892000,461.95,467.45,458.35,467.35,14550,-61.55000000000001,-0.03862595589754392
1742892300,2025-03-25 14:15:00+05:30,405.6,409.0,394.9,396.45,10800,1742892300,467.0,470.0,457.65,458.0,3375,-61.55000000000001,-0.03886128775070574
1742892600,2025-03-25 14:20:00+05:30,396.15,398.2,386.05,388.3,28275,1742892600,458.0,458.0,447.55,449.25,2475,-60.94999999999999,-0.03859068107458086
1742892900,2025-03-25 14:25:00+05:30,388.3,391.0,381.4,382.95,16050,1742892900,448.35,450.4,443.8,443.8,9675,-60.85000000000002,-0.038227944275313064
1742893200,2025-03-25 14:30:00+05:30,383.15,394.8,383.15,394.8,12750,1742893200,442.9,456.1,442.9,456.1,8325,-61.30000000000001,-0.03820287011811985
1742893500,2025-03-25 14:35:00+05:30,395.05,395.75,390.55,392.4,7500,1742893500,456.1,456.2,450.8,454.95,6600,-62.55000000000001,-0.039114378939927974
1742893800,2025-03-25 14:40:00+05:30,392.85,392.85,379.25,379.25,12825,1742893800,453.2,454.2,439.75,439.75,5700,-60.5,-0.03836366009028325
1742894100,2025-03-25 14:45:00+05:30,380.6,387.45,375.0,386.15,13275,1742894100,439.75,447.3,435.5,444.6,12975,-58.450000000000045,-0.03604237390761256
1742894400,2025-03-25 14:50:00+05:30,386.5,388.75,371.75,374.2,10125,1742894400,444.6,447.6,430.25,432.45,4275,-58.25,-0.033666114886877097
1742894700,2025-03-25 14:55:00+05:30,374.55,390.9,374.55,381.25,31125,1742894700,433.55,450.2,433.55,442.05,8550,-60.80000000000001,-0.03336205210428034
1742895000,2025-03-25 15:00:00+05:30,381.25,387.0,377.55,379.4,22725,1742895000,442.05,448.0,438.0,438.15,19800,-58.75,-0.03146680769364707
1742895300,2025-03-25 15:05:00+05:30,379.4,380.35,374.85,377.75,32625,1742895300,438.15,440.65,435.0,435.8,8925,-58.05000000000001,-0.029110899995693273
1742895600,2025-03-25 15:10:00+05:30,378.1,378.25,372.3,373.1,18000,1742895600,435.8,436.55,431.3,432.8,8250,-59.69999999999999,-0.02813501046988165
1742895900,2025-03-25 15:15:00+05:30,374.0,376.9,371.7,375.75,26550,1742895900,432.8,436.0,431.0,435.35,13350,-59.60000000000002,-0.027113705660163134
1742896200,2025-03-25 15:20:00+05:30,375.95,376.7,367.75,368.2,45300,1742896200,434.1,435.7,425.75,425.75,10500,-57.55000000000001,-0.024545342340559273
1742896500,2025-03-25 15:25:00+05:30,368.25,368.25,342.5,342.5,53925,1742896500,424.55,424.65,395.25,395.25,31875,-52.75,-0.018394350005600302
1742960700,2025-03-26 09:15:00+05:30,372.0,379.8,356.55,374.4,43800,1742960700,429.25,431.5,412.8,431.5,49725,-57.10000000000002,-0.015923331512652794
1742961000,2025-03-26 09:20:00+05:30,374.4,391.05,371.55,385.4,30750,1742961000,433.4,453.65,431.4,444.8,22800,-59.400000000000034,-0.015350456165741377
1742961300,2025-03-26 09:25:00+05:30,385.4,391.45,363.35,370.1,13800,1742961300,444.8,452.0,422.25,428.45,27750,-58.349999999999966,-0.013986782974704681
1742961600,2025-03-26 09:30:00+05:30,370.8,382.45,356.15,360.4,25650,1742961600,428.95,443.65,414.9,417.55,15750,-57.150000000000034,-0.011760932676651237
1742961900,2025-03-26 09:35:00+05:30,356.0,367.85,346.0,349.55,31200,1742961900,416.0,427.35,403.6,405.55,11175,-56.0,-0.008760453351769115
1742962200,2025-03-26 09:40:00+05:30,350.2,355.65,345.0,345.0,14550,1742962200,406.3,414.0,402.0,402.0,13650,-57.0,-0.006689376750188103
1742962500,2025-03-26 09:45:00+05:30,345.0,354.75,330.0,350.35,31875,1742962500,402.0,412.25,385.5,409.0,20325,-58.64999999999998,-0.006000015033393424
1742962800,2025-03-26 09:50:00+05:30,347.6,352.85,335.9,345.6,21525,1742962800,405.4,410.75,394.1,404.4,10650,-58.799999999999955,-0.005459559098468958
1742963100,2025-03-26 09:55:00+05:30,347.4,366.65,347.4,358.35,31275,1742963100,404.4,427.5,404.4,416.45,16500,-58.099999999999966,-0.004404276084457592
1742963400,2025-03-26 10:00:00+05:30,358.05,360.3,345.35,353.05,24675,1742963400,417.15,420.5,403.5,410.5,23850,-57.44999999999999,-0.0029017778035509423
1742963700,2025-03-26 10:05:00+05:30,353.5,358.0,340.5,358.0,25050,1742963700,410.5,417.5,398.0,417.5,17775,-59.5,-0.0030614640490895795
1742964000,2025-03-26 10:10:00+05:30,358.0,365.45,354.75,362.45,48450,1742964000,417.5,425.05,414.1,422.55,11700,-60.10000000000002,-0.003673089953139197
1742964300,2025-03-26 10:15:00+05:30,360.85,366.8,352.2,364.65,19725,1742964300,422.55,427.25,411.0,424.85,14100,-60.200000000000045,-0.00432554276890329
1742964600,2025-03-26 10:20:00+05:30,364.45,366.55,350.0,351.2,20025,1742964600,424.85,427.8,407.7,408.75,11175,-57.55000000000001,-0.00289375889342125
1742964900,2025-03-26 10:25:00+05:30,351.95,361.25,350.75,351.2,16425,1742964900,408.75,420.35,408.75,411.05,4350,-59.85000000000002,-0.00331322942370349
1742965200,2025-03-26 10:30:00+05:30,351.5,376.0,349.45,376.0,22575,1742965200,410.0,436.6,408.75,436.6,7500,-60.60000000000002,-0.004285973627865758
1742965500,2025-03-26 10:35:00+05:30,376.8,390.0,364.8,365.65,33225,1742965500,436.65,452.7,425.0,425.4,33675,-59.75,-0.004546118324306292
1742965800,2025-03-26 10:40:00+05:30,366.65,367.6,358.2,360.3,19800,1742965800,426.3,427.75,418.5,420.55,11250,-60.25,-0.005174376937958414
1742966100,2025-03-26 10:45:00+05:30,364.25,374.4,364.25,372.2,16800,1742966100,425.0,434.05,425.0,432.9,4650,-60.69999999999999,-0.006111506291709645
1742966400,2025-03-26 10:50:00+05:30,369.25,374.45,365.0,365.6,16500,1742966400,432.9,434.95,425.7,426.05,7425,-60.44999999999999,-0.006799631060928846
1742966700,2025-03-26 10:55:00+05:30,366.45,367.7,355.0,361.05,14475,1742966700,426.0,427.5,413.5,418.25,17475,-57.19999999999999,-0.004936602837929627
1742967000,2025-03-26 11:00:00+05:30,360.95,360.95,335.8,340.0,28575,1742967000,418.25,418.25,392.3,396.1,16050,-56.10000000000002,-0.002322919319531991
1742967300,2025-03-26 11:05:00+05:30,339.45,351.0,339.45,349.0,25725,1742967300,396.1,408.45,396.1,407.45,27225,-58.44999999999999,-0.001664280069306301
1742967600,2025-03-26 11:10:00+05:30,349.4,352.4,341.8,350.7,16950,1742967600,407.45,410.9,399.5,408.15,8100,-57.44999999999999,-0.00026869241600024907
1742967900,2025-03-26 11:15:00+05:30,350.3,353.65,346.0,347.1,16425,1742967900,408.15,412.0,404.0,408.55,8850,-61.44999999999999,-0.002036383196781344
1742968200,2025-03-26 11:20:00+05:30,346.8,354.55,344.25,352.05,16650,1742968200,405.65,413.1,402.75,411.2,3600,-59.14999999999998,-0.0019306088580250957
1742968500,2025-03-26 11:25:00+05:30,352.35,361.7,347.85,359.7,14625,1742968500,411.2,420.75,407.7,415.8,2100,-56.10000000000002,0.000524708703423471
1742968800,2025-03-26 11:30:00+05:30,359.2,364.5,356.75,358.15,17925,1742968800,415.8,423.6,415.8,417.95,3150,-59.80000000000001,-1.0405728623652521e-05
1742969100,2025-03-26 11:35:00+05:30,358.4,360.95,349.35,349.95,14100,1742969100,417.95,420.85,408.0,408.6,6000,-58.650000000000034,0.0003713260908497773
1742969400,2025-03-26 11:40:00+05:30,349.25,351.0,342.6,349.25,18825,1742969400,408.6,408.8,400.0,408.8,4650,-59.55000000000001,3.7276096485072685e-05
1742969700,2025-03-26 11:45:00+05:30,348.15,348.45,340.95,344.8,17550,1742969700,407.9,407.9,398.9,402.3,6600,-57.5,0.0013035967550365513
1742970000,2025-03-26 11:50:00+05:30,343.0,346.25,336.8,345.6,37050,1742970000,400.95,404.55,394.0,403.2,4500,-57.599999999999966,0.002422348543426267
1742970300,2025-03-26 11:55:00+05:30,346.5,347.05,321.0,323.2,34500,1742970300,404.8,404.95,376.05,378.3,12450,-55.10000000000002,0.005407313933574187
1742970600,2025-03-26 12:00:00+05:30,323.05,327.2,315.0,320.6,36225,1742970600,379.85,382.3,369.6,375.5,16425,-54.89999999999998,0.008378897223281001
1742970900,2025-03-26 12:05:00+05:30,322.35,327.2,320.2,326.8,23850,1742970900,375.5,383.15,374.85,382.1,12750,-55.30000000000001,0.0108724860612881
1742971200,2025-03-26 12:10:00+05:30,326.4,333.55,324.05,328.45,25500,1742971200,382.95,389.0,380.0,383.45,8775,-55.0,0.013452575155085356
1742971500,2025-03-26 12:15:00+05:30,327.55,332.45,323.8,326.4,14325,1742971500,383.45,388.5,380.4,380.8,5775,-54.400000000000034,0.01634395971420588
1742971800,2025-03-26 12:20:00+05:30,326.0,333.2,324.6,330.4,19650,1742971800,381.55,389.0,381.25,387.45,3825,-57.05000000000001,0.01701915113158492
1742972100,2025-03-26 12:25:00+05:30,330.45,334.4,327.65,329.5,17025,1742972100,387.45,390.35,383.75,384.9,10425,-55.39999999999998,0.018917604951610656
1742972400,2025-03-26 12:30:00+05:30,329.4,336.5,328.1,336.0,23625,1742972400,384.9,393.7,383.65,391.35,20925,-55.35000000000002,0.020736021861608833
1742972700,2025-03-26 12:35:00+05:30,335.8,338.95,333.3,334.75,28350,1742972700,391.85,396.0,389.7,390.15,13350,-55.39999999999998,0.02240020869444237
1742973000,2025-03-26 12:40:00+05:30,333.05,337.45,331.45,335.45,19050,1742973000,389.75,393.55,386.65,392.2,18600,-56.75,0.022914052117037897
1742973300,2025-03-26 12:45:00+05:30,336.1,346.5,332.6,343.25,26775,1742973300,392.2,403.2,388.45,398.45,12225,-55.19999999999999,0.024578274134945843
1742973600,2025-03-26 12:50:00+05:30,342.0,344.35,339.1,341.25,21000,1742973600,399.0,400.3,394.8,396.8,11475,-55.55000000000001,0.025862223694886666
1742973900,2025-03-26 12:55:00+05:30,341.25,341.25,333.05,335.35,20550,1742973900,396.8,396.8,389.15,391.45,7725,-56.099999999999966,0.026631395988815143
1742974200,2025-03-26 13:00:00+05:30,335.0,337.75,327.95,327.95,19650,1742974200,390.95,393.75,382.25,383.2,6900,-55.25,0.027993859713291158
1742974500,2025-03-26 13:05:00+05:30,327.55,327.8,312.55,315.0,37575,1742974500,381.25,381.7,366.85,369.2,20325,-54.19999999999999,0.030070405024382296
1742974800,2025-03-26 13:10:00+05:30,314.4,319.45,309.05,315.5,35325,1742974800,368.65,372.9,363.45,369.2,15225,-53.69999999999999,0.03239583698636039
1742975100,2025-03-26 13:15:00+05:30,314.65,316.5,295.75,299.7,34725,1742975100,368.5,370.45,347.85,351.3,15675,-51.60000000000002,0.036189529410393106
1742975400,2025-03-26 13:20:00+05:30,300.0,311.2,299.15,310.15,20850,1742975400,351.3,365.0,351.3,363.3,9375,-53.150000000000034,0.03855120046338811
1742975700,2025-03-26 13:25:00+05:30,310.75,316.1,310.75,312.7,12675,1742975700,363.3,369.7,363.3,367.0,3750,-54.30000000000001,0.03986619596538077
1742976000,2025-03-26 13:30:00+05:30,312.8,315.85,306.7,307.0,7125,1742976000,367.0,369.3,359.3,360.8,7500,-53.80000000000001,0.04146424693593076
1742976300,2025-03-26 13:35:00+05:30,307.0,307.0,299.1,303.45,16575,1742976300,360.8,360.8,352.15,355.7,8925,-52.25,0.04413895168549686
1742976600,2025-03-26 13:40:00+05:30,303.45,303.6,288.85,288.85,28050,1742976600,355.7,356.45,340.0,340.0,21525,-51.14999999999998,0.04748196205813571
1742976900,2025-03-26 13:45:00+05:30,289.05,292.55,283.55,283.55,57525,1742976900,340.45,343.9,334.1,334.6,21750,-51.05000000000001,0.050682324776119
1742977200,2025-03-26 13:50:00+05:30,283.2,295.3,283.2,291.75,34500,1742977200,334.7,347.45,333.9,344.9,18825,-53.14999999999998,0.052047527873995136
1742977500,2025-03-26 13:55:00+05:30,291.85,297.0,291.4,294.15,46350,1742977500,344.05,349.0,343.1,347.5,17625,-53.35000000000002,0.053143406682607974
1742977800,2025-03-26 14:00:00+05:30,294.15,303.9,293.75,303.45,27975,1742977800,347.05,358.15,346.5,357.75,9525,-54.30000000000001,0.05340505759070169
1742978100,2025-03-26 14:05:00+05:30,303.45,308.2,297.8,302.6,22875,1742978100,356.4,362.3,350.9,355.8,8775,-53.19999999999999,0.05446008509762379
1742978400,2025-03-26 14:10:00+05:30,302.6,306.8,298.85,304.5,14700,1742978400,355.8,360.0,353.85,355.3,24975,-50.80000000000001,0.05726748224522282
1742978700,2025-03-26 14:15:00+05:30,304.5,309.0,293.9,295.2,21825,1742978700,355.3,362.85,346.5,347.0,11250,-51.80000000000001,0.05910509920396123
1742979000,2025-03-26 14:20:00+05:30,295.1,302.0,294.0,300.45,9600,1742979000,347.0,356.75,346.65,352.55,15900,-52.10000000000002,0.060564884093793125
1742979300,2025-03-26 14:25:00+05:30,299.25,302.55,297.65,299.6,8325,1742979300,352.25,356.55,350.95,353.0,3450,-53.39999999999998,0.06089465963670193
1742979600,2025-03-26 14:30:00+05:30,299.15,299.15,288.7,290.2,16200,1742979600,352.7,352.7,340.35,342.7,24825,-52.5,0.06185394803073052
1742979900,2025-03-26 14:35:00+05:30,290.2,294.45,288.0,291.2,17025,1742979900,342.7,346.85,340.35,343.95,28050,-52.75,0.06251999820441512
1742980200,2025-03-26 14:40:00+05:30,292.1,293.15,285.65,286.8,23175,1742980200,343.95,345.95,338.1,339.0,15975,-52.19999999999999,0.06352576702710877
1742980500,2025-03-26 14:45:00+05:30,286.9,293.0,284.65,288.7,18300,1742980500,338.5,345.0,336.95,343.05,18375,-54.35000000000002,0.06276812828396316
1742980800,2025-03-26 14:50:00+05:30,288.4,288.65,267.65,267.95,26775,1742980800,343.05,343.05,317.15,318.0,21825,-50.05000000000001,0.0653221038356051
1742981100,2025-03-26 14:55:00+05:30,268.0,269.9,256.1,263.4,62475,1742981100,317.25,320.45,304.55,310.6,40650,-47.200000000000045,0.06988522129888253
1742981400,2025-03-26 15:00:00+05:30,263.75,264.9,254.85,263.5,36375,1742981400,312.55,313.5,304.15,311.25,24600,-47.75,0.07371990614692692
1742981700,2025-03-26 15:05:00+05:30,261.6,270.0,259.75,269.35,28875,1742981700,311.2,320.45,308.0,320.45,45075,-51.099999999999966,0.07470220239349601
1742982000,2025-03-26 15:10:00+05:30,269.5,276.85,267.6,271.05,25125,1742982000,320.45,328.75,317.8,322.3,27300,-51.25,0.07545725940727266
1742982300,2025-03-26 15:15:00+05:30,271.35,272.25,262.5,262.95,11175,1742982300,322.35,322.95,312.25,313.2,18825,-50.25,0.07688446281704131
1742982600,2025-03-26 15:20:00+05:30,262.95,266.9,262.95,264.3,24825,1742982600,313.65,317.25,313.3,314.0,25875,-49.69999999999999,0.07859859201889918
1742982900,2025-03-26 15:25:00+05:30,264.55,264.7,257.55,257.55,30000,1742982900,314.05,314.2,302.7,310.0,26325,-52.44999999999999,0.07803581459111797
1743047100,2025-03-27 09:15:00+05:30,239.95,256.1,230.65,256.05,46875,1743047100,285.8,304.35,278.4,304.35,74925,-48.30000000000001,0.08064642815911327
1743047400,2025-03-27 09:20:00+05:30,254.55,272.0,250.3,259.35,39600,1743047400,308.3,323.25,299.75,310.7,49575,-51.349999999999966,0.0806979060979458
1743047700,2025-03-27 09:25:00+05:30,258.55,281.9,252.8,275.45,23775,1743047700,310.2,332.95,301.95,328.35,36225,-52.900000000000034,0.07948806600494152
1743048000,2025-03-27 09:30:00+05:30,275.95,283.35,265.45,270.6,24075,1743048000,327.75,336.55,313.65,317.45,26850,-46.849999999999966,0.08295228385567555
1743048300,2025-03-27 09:35:00+05:30,270.6,272.9,260.0,261.0,10500,1743048300,317.45,324.0,309.85,313.0,15225,-52.0,0.08218813068479136
1743048600,2025-03-27 09:40:00+05:30,260.1,281.1,260.1,281.1,9375,1743048600,312.55,333.0,310.4,332.55,18900,-51.44999999999999,0.08182688451329057
1743048900,2025-03-27 09:45:00+05:30,279.55,286.85,269.25,270.15,17925,1743048900,332.65,340.0,320.95,321.6,25050,-51.450000000000045,0.08142228244263094
1743049200,2025-03-27 09:50:00+05:30,270.85,288.0,268.15,286.95,17775,1743049200,321.6,341.75,318.2,340.5,21225,-53.55000000000001,0.07935632938958292
1743049500,2025-03-27 09:55:00+05:30,287.0,298.45,285.5,298.45,17475,1743049500,340.75,353.2,338.65,353.2,18375,-54.75,0.07641623112131413
1743049800,2025-03-27 10:00:00+05:30,298.85,302.9,291.5,301.75,20475,1743049800,355.0,358.15,345.5,358.15,19275,-56.39999999999998,0.07230486582307805
1743050100,2025-03-27 10:05:00+05:30,301.6,317.45,300.0,314.05,22125,1743050100,357.65,374.0,355.0,369.3,23775,-55.25,0.06925049614155654
1743050400,2025-03-27 10:10:00+05:30,314.4,320.0,312.0,312.25,39075,1743050400,370.7,376.6,367.75,367.75,29850,-55.5,0.06611710639539581
1743050700,2025-03-27 10:15:00+05:30,312.25,319.5,299.35,301.7,29550,1743050700,367.8,375.95,353.5,356.25,25425,-54.55000000000001,0.06383754922927665
1743051000,2025-03-27 10:20:00+05:30,302.25,316.55,300.85,314.3,24900,1743051000,356.25,373.05,355.5,370.2,14625,-55.89999999999998,0.06059176478903794
1743051300,2025-03-27 10:25:00+05:30,314.3,316.7,307.85,316.2,16875,1743051300,370.2,372.2,362.0,372.0,5550,-55.80000000000001,0.057554245006699034
1743051600,2025-03-27 10:30:00+05:30,315.75,322.7,305.0,309.9,23175,1743051600,372.0,379.2,361.0,363.15,8325,-53.25,0.056606719173451836
1743051900,2025-03-27 10:35:00+05:30,307.9,308.05,298.65,299.8,23850,1743051900,363.15,363.15,352.0,353.1,18750,-53.30000000000001,0.05562883842219435
1743052200,2025-03-27 10:40:00+05:30,299.8,309.25,297.3,302.25,17400,1743052200,352.5,362.6,349.0,356.25,12450,-54.0,0.0541213807424441
1743052500,2025-03-27 10:45:00+05:30,301.15,305.65,297.9,297.95,14250,1743052500,355.0,359.55,349.25,349.35,13575,-51.400000000000034,0.05466131500908489
1743052800,2025-03-27 10:50:00+05:30,297.0,297.95,286.5,294.3,17175,1743052800,350.0,351.9,337.8,347.2,11850,-52.89999999999998,0.05397184804250088
1743053100,2025-03-27 10:55:00+05:30,294.3,300.0,291.45,299.0,21600,1743053100,346.55,354.5,344.15,353.25,11550,-54.25,0.052236639464183554
1743053400,2025-03-27 11:00:00+05:30,299.6,308.85,299.6,307.0,32400,1743053400,353.95,363.1,353.95,362.2,7575,-55.19999999999999,0.049823030862391704
1743053700,2025-03-27 11:05:00+05:30,307.25,311.5,305.5,308.65,16425,1743053700,361.8,366.3,360.45,363.55,5100,-54.900000000000034,0.04773474981597303
1743054000,2025-03-27 11:10:00+05:30,309.7,310.85,305.9,310.55,22875,1743054000,363.55,366.1,360.45,364.4,36675,-53.849999999999966,0.046534397154246676
1743054300,2025-03-27 11:15:00+05:30,310.55,319.45,307.05,307.45,18750,1743054300,366.0,374.85,361.0,362.05,9525,-54.60000000000002,0.044785088784891514
1743054600,2025-03-27 11:20:00+05:30,307.45,307.45,300.0,302.0,9375,1743054600,361.25,361.25,354.2,354.35,6450,-52.35000000000002,0.044833515939693314
1743054900,2025-03-27 11:25:00+05:30,302.0,302.0,297.65,298.45,3375,1743054900,354.7,356.0,352.3,352.5,10200,-54.05000000000001,0.043532707637098156
1743055200,2025-03-27 11:30:00+05:30,298.45,302.0,298.0,301.3,2625,1743055200,351.5,356.55,351.5,356.55,5400,-55.25,0.041343475396125484
1743055500,2025-03-27 11:35:00+05:30,301.3,303.8,299.55,302.4,5550,1743055500,356.55,358.9,353.65,356.35,5700,-53.950000000000045,0.04024557405518436
1743055800,2025-03-27 11:40:00+05:30,302.8,306.8,300.6,305.55,8700,1743055800,356.35,361.55,354.5,359.85,5400,-54.30000000000001,0.03890665818300931
1743056100,2025-03-27 11:45:00+05:30,305.55,308.25,304.9,306.4,21375,1743056100,360.25,364.0,359.85,362.4,5550,-56.0,0.03629909972448786
1743056400,2025-03-27 11:50:00+05:30,306.4,307.7,301.35,301.8,29025,1743056400,362.4,362.7,356.65,357.2,2475,-55.39999999999998,0.03426945949928495
1743056700,2025-03-27 11:55:00+05:30,301.8,304.9,298.25,298.85,24150,1743056700,357.2,359.4,352.25,352.7,2025,-53.849999999999966,0.033520803257474086
1743057000,2025-03-27 12:00:00+05:30,298.9,299.05,292.85,293.6,15300,1743057000,352.7,353.05,347.0,348.15,7950,-54.549999999999955,0.032247071800483695
1743057300,2025-03-27 12:05:00+05:30,293.2,298.05,292.65,297.65,11325,1743057300,348.15,351.25,347.15,350.55,3225,-52.900000000000034,0.03229164083482061
1743057600,2025-03-27 12:10:00+05:30,297.65,300.2,296.2,299.75,9225,1743057600,350.55,354.35,350.4,354.35,9375,-54.60000000000002,0.030996865055527678
1743057900,2025-03-27 12:15:00+05:30,300.25,300.4,293.7,293.7,25425,1743057900,354.35,354.6,348.5,348.5,4500,-54.80000000000001,0.02959476318344656
1743058200,2025-03-27 12:20:00+05:30,292.65,294.8,292.1,294.15,12225,1743058200,348.5,348.8,346.05,348.25,7200,-54.10000000000002,0.02878687660731316
1743058500,2025-03-27 12:25:00+05:30,293.9,294.05,290.8,292.25,7125,1743058500,348.25,348.25,344.95,345.3,3675,-53.05000000000001,0.028811382908131122
1743058800,2025-03-27 12:30:00+05:30,292.05,292.05,284.35,286.15,11475,1743058800,345.3,345.3,338.0,338.75,17025,-52.60000000000002,0.02915960031813114
1743059100,2025-03-27 12:35:00+05:30,286.15,294.85,285.1,294.85,3450,1743059100,338.75,349.2,338.4,348.3,5325,-53.44999999999999,0.028810242550491694
1743059400,2025-03-27 12:40:00+05:30,294.95,294.95,291.05,291.3,8175,1743059400,348.3,348.8,345.05,345.95,6000,-54.64999999999998,0.02753168868711242
1743059700,2025-03-27 12:45:00+05:30,292.0,296.0,291.25,295.8,4350,1743059700,345.15,350.0,345.15,349.6,5100,-53.80000000000001,0.026957935622974105
1743060000,2025-03-27 12:50:00+05:30,295.8,296.9,290.4,290.4,9000,1743060000,349.6,350.55,344.4,344.5,3375,-54.10000000000002,0.02616329005019935
1743060300,2025-03-27 12:55:00+05:30,290.0,292.0,288.9,292.0,10350,1743060300,344.5,345.95,343.0,345.85,8400,-53.85000000000002,0.025584933534432253
1743060600,2025-03-27 13:00:00+05:30,292.15,295.05,289.0,289.0,7950,1743060600,346.1,348.5,342.75,342.75,12975,-53.75,0.025095697897761227
1743060900,2025-03-27 13:05:00+05:30,290.0,290.65,287.3,288.0,2400,1743060900,342.75,344.3,340.2,341.75,9675,-53.75,0.024613901992758258
1743061200,2025-03-27 13:10:00+05:30,288.0,291.25,287.1,287.1,4350,1743061200,341.05,345.1,340.0,340.0,9075,-52.89999999999998,0.024795500729666742
1743061500,2025-03-27 13:15:00+05:30,287.1,289.6,283.95,286.55,15975,1743061500,339.95,341.4,336.8,339.5,7275,-52.94999999999999,0.024909425138154973
1743061800,2025-03-27 13:20:00+05:30,286.75,289.2,286.45,289.1,34125,1743061800,339.7,342.0,338.75,341.75,27750,-52.64999999999998,0.025229409312700568
1743062100,2025-03-27 13:25:00+05:30,289.1,292.3,288.5,290.95,25875,1743062100,341.75,345.55,340.55,343.9,14925,-52.94999999999999,0.02528086307187749
1743062400,2025-03-27 13:30:00+05:30,291.1,293.95,290.1,291.35,35250,1743062400,344.0,346.65,342.85,345.5,6600,-54.14999999999998,0.024383882271941104
1743062700,2025-03-27 13:35:00+05:30,292.1,292.55,288.35,289.8,28125,1743062700,345.5,345.5,340.7,342.5,5025,-52.69999999999999,0.024636275776096284
1743063000,2025-03-27 13:40:00+05:30,289.95,293.0,289.1,291.85,22200,1743063000,342.5,346.0,341.9,344.05,3375,-52.19999999999999,0.02524170326475428
1743063300,2025-03-27 13:45:00+05:30,292.5,294.85,289.25,292.0,26100,1743063300,344.05,347.45,341.3,344.85,18075,-52.85000000000002,0.025292836286922693
1743063600,2025-03-27 13:50:00+05:30,292.0,294.6,290.1,290.15,21375,1743063600,344.85,346.85,342.75,343.6,27300,-53.450000000000045,0.024858595370552905
1743063900,2025-03-27 13:55:00+05:30,290.6,295.25,289.1,289.6,39375,1743063900,343.6,347.2,342.0,342.75,3225,-53.14999999999998,0.024660489904448468
1743064200,2025-03-27 14:00:00+05:30,289.5,293.4,289.25,293.3,58350,1743064200,342.75,346.55,341.55,346.55,10725,-53.25,0.024377032324281345
1743064500,2025-03-27 14:05:00+05:30,293.3,294.3,291.25,293.1,33825,1743064500,346.55,347.25,343.25,346.05,17250,-52.94999999999999,0.02432181974188552
1743064800,2025-03-27 14:10:00+05:30,293.25,294.65,291.0,292.0,27300,1743064800,345.55,347.45,344.35,345.45,18300,-53.44999999999999,0.023864985144136597
1743065100,2025-03-27 14:15:00+05:30,292.35,294.15,290.05,293.45,24000,1743065100,345.45,347.05,343.25,346.7,28950,-53.25,0.023569115448026423
1743065400,2025-03-27 14:20:00+05:30,293.45,295.7,293.15,295.55,17550,1743065400,346.7,348.4,346.0,348.35,15375,-52.80000000000001,0.023618557450141964
1743065700,2025-03-27 14:25:00+05:30,295.5,296.7,293.9,294.1,23250,1743065700,348.3,348.9,346.0,346.75,10125,-52.64999999999998,0.02376282566132204
1743066000,2025-03-27 14:30:00+05:30,293.9,294.3,287.7,290.9,22425,1743066000,346.8,347.35,339.4,342.6,11250,-51.700000000000045,0.024614015833797964
1743066300,2025-03-27 14:35:00+05:30,290.9,294.25,288.75,291.25,30450,1743066300,342.6,345.25,340.45,343.35,26475,-52.10000000000002,0.025090867964145502
1743066600,2025-03-27 14:40:00+05:30,291.45,293.65,290.0,293.65,32475,1743066600,343.35,345.75,342.3,344.55,9300,-50.900000000000034,0.026448331810314585
1743066900,2025-03-27 14:45:00+05:30,293.95,295.3,293.4,294.45,13350,1743066900,346.85,348.55,345.45,346.5,12750,-52.05000000000001,0.026823485592906593
1743067200,2025-03-27 14:50:00+05:30,294.55,298.75,294.05,298.75,109350,1743067200,346.5,351.0,346.0,350.65,16125,-51.89999999999998,0.02727314494821087
1743067500,2025-03-27 14:55:00+05:30,298.7,305.6,298.05,298.75,69600,1743067500,350.65,359.15,350.65,352.0,44625,-53.25,0.026635249636974834
1743067800,2025-03-27 15:00:00+05:30,298.75,305.1,291.75,297.5,173775,1743067800,351.55,359.15,345.0,351.6,60750,-54.10000000000002,0.02535576089912439
1743068100,2025-03-27 15:05:00+05:30,297.5,298.2,293.0,295.45,72375,1743068100,351.9,351.9,346.35,350.0,38700,-54.55000000000001,0.023779523513375977
1743068400,2025-03-27 15:10:00+05:30,295.2,297.0,292.1,293.6,81450,1743068400,350.35,350.8,345.45,347.95,35850,-54.349999999999966,0.022425654123665595
1743068700,2025-03-27 15:15:00+05:30,293.85,298.2,292.65,298.2,40275,1743068700,348.25,351.95,345.35,350.8,33900,-52.60000000000002,0.02247923144246755
1743069000,2025-03-27 15:20:00+05:30,298.2,304.5,297.8,303.7,27150,1743069000,350.8,360.35,350.8,359.95,160200,-56.25,0.019695623176794186
1743069300,2025-03-27 15:25:00+05:30,304.6,327.0,304.0,321.0,138300,1743069300,359.95,374.65,357.5,373.95,140925,-52.94999999999999,0.01959612879395678
1743133500,2025-03-28 09:15:00+05:30,300.5,319.0,277.25,285.75,190650,1743133500,378.0,378.0,330.7,337.75,142650,-52.0,0.020220128891061506
1743133800,2025-03-28 09:20:00+05:30,286.0,286.0,257.3,257.3,74025,1743133800,338.8,338.8,308.2,308.2,88650,-50.89999999999998,0.021643261432096494
1743134100,2025-03-28 09:25:00+05:30,258.35,260.6,249.45,249.45,37275,1743134100,307.7,311.25,300.0,300.0,53700,-50.55000000000001,0.02324182467206981
1743134400,2025-03-28 09:30:00+05:30,249.45,251.75,230.0,230.0,44775,1743134400,299.1,302.05,278.4,278.4,172950,-48.39999999999998,0.026394129131645627
1743134700,2025-03-28 09:35:00+05:30,230.7,230.7,218.25,223.0,93000,1743134700,275.65,277.9,263.85,267.3,104325,-44.30000000000001,0.03251752543318531
1743135000,2025-03-28 09:40:00+05:30,222.1,229.85,219.65,227.9,45600,1743135000,267.65,276.45,265.05,272.5,115275,-44.599999999999994,0.03804877150294317
1743135300,2025-03-28 09:45:00+05:30,225.8,236.9,224.3,236.9,35850,1743135300,272.15,285.4,268.85,285.05,132000,-48.150000000000006,0.04050784528448759
1743135600,2025-03-28 09:50:00+05:30,236.95,245.15,233.9,241.5,64350,1743135600,283.25,295.0,280.5,290.5,88350,-49.0,0.042144922474257385
1743135900,2025-03-28 09:55:00+05:30,239.7,252.2,235.9,249.7,25350,1743135900,288.7,303.75,285.2,300.45,61125,-50.75,0.04230920213137068
1743136200,2025-03-28 10:00:00+05:30,249.1,252.45,241.0,251.05,20475,1743136200,300.45,304.1,290.0,302.35,43350,-51.30000000000001,0.042007363279672916
1743136500,2025-03-28 10:05:00+05:30,251.3,251.3,232.95,234.4,11850,1743136500,301.75,302.5,281.75,281.75,24450,-47.349999999999994,0.04473807175207156
1743136800,2025-03-28 10:10:00+05:30,233.5,238.35,229.7,234.4,12825,1743136800,281.6,287.5,277.0,283.5,46800,-49.099999999999994,0.04593405641718107
1743137100,2025-03-28 10:15:00+05:30,233.7,241.65,232.8,241.25,24600,1743137100,283.4,292.7,282.0,291.05,36225,-49.80000000000001,0.04648883022553463
1743137400,2025-03-28 10:20:00+05:30,241.25,243.95,233.75,237.1,17550,1743137400,291.25,293.75,283.0,286.4,19875,-49.29999999999998,0.047363204442440576
1743137700,2025-03-28 10:25:00+05:30,236.25,250.0,234.45,249.5,6825,1743137700,286.4,301.7,282.3,300.85,14325,-51.35000000000002,0.046571019698248506
1743138000,2025-03-28 10:30:00+05:30,249.65,287.6,248.9,286.45,28725,1743138000,300.85,344.35,300.85,344.35,47550,-57.900000000000034,0.04073131351638892
1743138300,2025-03-28 10:35:00+05:30,288.0,290.75,276.8,284.1,39825,1743138300,343.4,346.75,331.5,339.55,24900,-55.44999999999999,0.037070953524299455
1743138600,2025-03-28 10:40:00+05:30,282.2,285.0,274.55,274.85,14550,1743138600,336.4,339.75,328.75,329.0,9825,-54.14999999999998,0.034585831507065734
1743138900,2025-03-28 10:45:00+05:30,278.5,290.5,278.0,290.5,16425,1743138900,329.5,345.75,329.5,345.0,26475,-54.5,0.03194007497832274
1743139200,2025-03-28 10:50:00+05:30,290.3,297.3,284.65,285.1,60300,1743139200,345.0,353.0,339.35,339.75,96750,-54.64999999999998,0.029298878463904998
1743139500,2025-03-28 10:55:00+05:30,283.25,290.2,280.55,283.1,12150,1743139500,337.75,345.0,334.0,335.3,19725,-52.19999999999999,0.028670590360874826
1743139800,2025-03-28 11:00:00+05:30,283.1,287.85,277.25,277.25,5550,1743139800,336.5,342.1,328.2,329.0,19125,-51.75,0.028401891580600136
1743140100,2025-03-28 11:05:00+05:30,277.25,278.1,267.0,270.55,24225,1743140100,329.5,331.8,320.1,323.75,31650,-53.19999999999999,0.02700695372783457
1743140400,2025-03-28 11:10:00+05:30,270.55,275.35,254.55,256.25,20025,1743140400,323.85,328.3,305.55,307.05,31950,-50.80000000000001,0.02751981725172925
1743140700,2025-03-28 11:15:00+05:30,253.95,257.8,249.2,252.85,13725,1743140700,307.3,309.6,300.85,304.55,39975,-51.70000000000002,0.027288761711425025
1743141000,2025-03-28 11:20:00+05:30,254.05,263.4,251.25,252.55,10575,1743141000,304.6,316.0,302.8,303.3,31050,-50.75,0.027782472662842395
1743141300,2025-03-28 11:25:00+05:30,251.35,253.05,240.75,249.6,21525,1743141300,303.05,304.55,290.0,300.05,34950,-50.45000000000002,0.028459215873404275
1743141600,2025-03-28 11:30:00+05:30,249.6,258.2,244.95,245.35,13800,1743141600,299.75,309.8,294.6,295.1,30975,-49.75000000000003,0.029617141423287308
1743141900,2025-03-28 11:35:00+05:30,246.5,261.5,246.5,255.5,11400,1743141900,296.0,314.0,295.6,306.35,30225,-50.85000000000002,0.029839832664485755
1743142200,2025-03-28 11:40:00+05:30,255.5,255.8,240.6,242.15,11400,1743142200,305.3,306.5,289.6,291.35,27900,-49.20000000000002,0.03130068642872175
1743142500,2025-03-28 11:45:00+05:30,242.0,249.5,239.55,245.25,7725,1743142500,291.2,300.7,288.8,297.0,24300,-51.75,0.03068936477046691
1743142800,2025-03-28 11:50:00+05:30,245.25,251.0,243.5,250.0,10500,1743142800,296.55,303.0,294.6,300.2,13350,-50.19999999999999,0.031284073961501235
1743143100,2025-03-28 11:55:00+05:30,250.0,251.1,245.5,251.1,6675,1743143100,301.8,302.25,295.4,302.0,18450,-50.900000000000006,0.03128182507688848
1743143400,2025-03-28 12:00:00+05:30,251.1,254.95,245.65,250.3,19875,1743143400,303.05,305.9,296.1,301.2,26025,-50.89999999999998,0.03125555755111975
1743143700,2025-03-28 12:05:00+05:30,250.55,253.35,248.0,253.05,8850,1743143700,301.7,305.15,298.2,304.85,25875,-51.80000000000001,0.030512029316717815
1743144000,2025-03-28 12:10:00+05:30,254.0,255.1,249.25,249.25,4875,1743144000,305.5,306.75,300.1,300.5,18825,-51.25,0.030210159176334628
1743144300,2025-03-28 12:15:00+05:30,248.95,248.95,228.8,229.05,18825,1743144300,300.5,300.75,276.5,276.5,32400,-47.44999999999999,0.03283417954012435
1743144600,2025-03-28 12:20:00+05:30,228.0,229.85,220.5,221.7,30000,1743144600,276.4,278.75,267.6,269.4,66975,-47.69999999999999,0.035096139610359955
1743144900,2025-03-28 12:25:00+05:30,222.25,223.7,217.55,218.1,45900,1743144900,269.4,271.25,264.15,264.65,77775,-46.54999999999998,0.038094587965687765
1743145200,2025-03-28 12:30:00+05:30,217.8,219.95,209.8,209.9,52950,1743145200,264.3,267.0,255.0,255.0,39225,-45.099999999999994,0.04201838116284762
1743145500,2025-03-28 12:35:00+05:30,208.35,217.15,206.45,216.5,32250,1743145500,255.0,264.15,251.85,263.4,19650,-46.89999999999998,0.044305587288299364
1743145800,2025-03-28 12:40:00+05:30,216.5,218.0,211.75,215.15,13200,1743145800,262.65,265.0,258.2,261.95,22500,-46.79999999999998,0.04651044942595206
1743146100,2025-03-28 12:45:00+05:30,215.25,220.55,212.55,217.6,14700,1743146100,260.95,267.5,259.1,264.6,12450,-47.00000000000003,0.04840425182121777
1743146400,2025-03-28 12:50:00+05:30,216.65,220.0,215.45,217.55,9450,1743146400,264.6,267.7,261.05,263.5,9225,-45.94999999999999,0.05096726955749631
1743146700,2025-03-28 12:55:00+05:30,217.55,219.0,213.0,213.95,19425,1743146700,263.5,265.95,259.1,261.05,17700,-47.10000000000002,0.0524629968991448
1743147000,2025-03-28 13:00:00+05:30,213.4,214.05,198.85,199.05,44475,1743147000,261.05,261.05,242.9,244.4,19800,-45.349999999999994,0.055186847228910096
1743147300,2025-03-28 13:05:00+05:30,199.55,207.45,198.1,207.45,24375,1743147300,243.6,253.25,242.0,252.25,15300,-44.80000000000001,0.0581433194219656
1743147600,2025-03-28 13:10:00+05:30,207.45,209.15,202.45,203.85,15750,1743147600,252.25,255.65,248.25,249.35,18225,-45.5,0.0603526931429883
1743147900,2025-03-28 13:15:00+05:30,203.75,203.75,196.95,196.95,19350,1743147900,246.6,247.75,241.1,241.1,7350,-44.150000000000006,0.06343629551356855
1743148200,2025-03-28 13:20:00+05:30,196.95,205.1,195.65,203.15,15225,1743148200,241.1,250.5,240.25,249.15,11850,-46.0,0.06487423161841122
1743148500,2025-03-28 13:25:00+05:30,203.6,206.0,199.5,200.1,27225,1743148500,249.55,251.75,246.2,246.2,6075,-46.099999999999994,0.0661061343873115
1743148800,2025-03-28 13:30:00+05:30,200.1,210.0,199.0,209.35,18450,1743148800,246.2,256.15,244.75,255.65,32250,-46.30000000000001,0.06706516721140332
1743149100,2025-03-28 13:35:00+05:30,209.35,210.7,204.0,205.1,19050,1743149100,255.0,257.75,248.45,250.5,76575,-45.400000000000006,0.06861447092283868
1743149400,2025-03-28 13:40:00+05:30,205.1,205.1,196.0,196.0,9900,1743149400,249.85,249.95,240.0,241.25,23475,-45.25,0.07014169087241129
1743149700,2025-03-28 13:45:00+05:30,196.0,197.3,183.6,186.0,26100,1743149700,239.75,242.05,225.75,230.0,22575,-44.0,0.07249578768303166
1743150000,2025-03-28 13:50:00+05:30,186.0,189.7,183.95,185.65,48000,1743150000,230.6,233.0,226.45,229.3,68925,-43.650000000000006,0.07493505782088761
1743150300,2025-03-28 13:55:00+05:30,185.65,190.75,183.0,185.6,18750,1743150300,229.85,233.95,225.35,228.3,33900,-42.70000000000002,0.07791600402464383
1743150600,2025-03-28 14:00:00+05:30,185.8,187.0,180.0,182.35,28200,1743150600,228.3,230.0,222.2,223.7,42600,-41.349999999999994,0.08171534638160693
1743150900,2025-03-28 14:05:00+05:30,182.35,190.8,180.4,190.2,17550,1743150900,223.5,234.0,223.3,233.5,23775,-43.30000000000001,0.08373852153523131
1743151200,2025-03-28 14:10:00+05:30,190.2,195.25,189.1,194.9,15600,1743151200,233.25,239.0,230.95,238.45,38850,-43.54999999999998,0.08539327380061223
1743151500,2025-03-28 14:15:00+05:30,194.0,201.3,192.85,199.1,29775,1743151500,238.45,246.25,236.0,244.0,17850,-44.900000000000006,0.08584958448030733
1743151800,2025-03-28 14:20:00+05:30,198.95,205.65,194.85,204.8,21225,1743151800,244.0,251.75,237.2,249.8,24375,-45.0,0.08613746171008074
1743152100,2025-03-28 14:25:00+05:30,204.8,217.0,202.2,216.65,28950,1743152100,250.85,263.6,247.85,263.55,28050,-46.900000000000006,0.08487675569075037
1743152400,2025-03-28 14:30:00+05:30,217.35,221.1,207.35,207.65,44550,1743152400,263.55,268.75,252.65,253.2,37800,-45.54999999999998,0.08466149313789373
1743152700,2025-03-28 14:35:00+05:30,207.6,220.0,207.6,217.0,27600,1743152700,253.2,267.7,253.2,264.4,42300,-47.39999999999998,0.08296494341398386
1743153000,2025-03-28 14:40:00+05:30,217.0,229.9,217.0,229.9,75300,1743153000,264.3,277.45,264.0,277.25,49575,-47.349999999999994,0.08133591449809785
1743153300,2025-03-28 14:45:00+05:30,229.4,232.5,220.7,224.0,48900,1743153300,277.8,281.45,268.95,272.6,31950,-48.60000000000002,0.07876868387549507
1743153600,2025-03-28 14:50:00+05:30,225.5,233.2,225.25,227.8,24000,1743153600,273.1,282.6,273.1,276.0,33150,-48.19999999999999,0.07659003491627914
1743153900,2025-03-28 14:55:00+05:30,227.8,230.85,222.8,224.45,94725,1743153900,275.7,281.15,271.7,273.6,37500,-49.150000000000034,0.07373848921091763
1743154200,2025-03-28 15:00:00+05:30,225.2,225.2,204.2,208.2,44550,1743154200,274.2,274.2,250.0,253.65,39600,-45.45000000000002,0.07384177372425427
1743154500,2025-03-28 15:05:00+05:30,208.2,212.0,206.9,212.0,19425,1743154500,256.3,258.95,253.15,258.3,17550,-46.30000000000001,0.07322642040300309
1743154800,2025-03-28 15:10:00+05:30,211.9,218.75,209.7,216.85,23775,1743154800,258.2,266.4,256.75,264.05,44025,-47.20000000000002,0.07189369387348421
1743155100,2025-03-28 15:15:00+05:30,217.0,217.5,201.05,201.05,30825,1743155100,264.65,264.65,246.05,247.0,52125,-45.94999999999999,0.07154320148615056
1743155400,2025-03-28 15:20:00+05:30,200.55,207.2,200.3,203.05,35925,1743155400,246.55,253.7,245.5,249.55,48750,-46.5,0.07073223582698063
1743155700,2025-03-28 15:25:00+05:30,203.4,209.35,201.45,208.0,59625,1743155700,249.75,259.75,248.0,255.0,54225,-47.0,0.06952524186448983
1743479100,2025-04-01 09:15:00+05:30,162.2,172.9,156.1,163.05,81600,1743479100,225.15,225.15,193.0,202.75,93525,-39.69999999999999,0.07396453100404443
1743479400,2025-04-01 09:20:00+05:30,162.55,176.0,160.2,170.05,49950,1743479400,202.25,219.4,200.1,210.0,51150,-39.94999999999999,0.07791055056234342
1743479700,2025-04-01 09:25:00+05:30,169.3,182.1,166.5,181.2,68100,1743479700,209.8,225.15,207.7,224.75,34950,-43.55000000000001,0.07880190838866952
1743480000,2025-04-01 09:30:00+05:30,181.0,196.15,178.6,194.6,67650,1743480000,224.75,241.55,221.05,240.95,37575,-46.349999999999994,0.07742269834769644
1743480300,2025-04-01 09:35:00+05:30,194.95,205.0,190.8,205.0,51525,1743480300,240.85,250.45,235.95,249.6,59400,-44.599999999999994,0.07740987936561083
1743480600,2025-04-01 09:40:00+05:30,205.55,218.4,204.1,211.05,46350,1743480600,252.9,268.0,250.95,259.6,37875,-48.55000000000001,0.07428959387252121
1743480900,2025-04-01 09:45:00+05:30,211.3,214.0,201.0,212.0,27600,1743480900,259.6,262.95,248.05,260.45,30075,-48.44999999999999,0.07136012503088551
1743481200,2025-04-01 09:50:00+05:30,211.6,212.0,196.1,207.1,59400,1743481200,260.15,260.6,243.35,255.9,56550,-48.80000000000001,0.06826598874778966
1743481500,2025-04-01 09:55:00+05:30,207.2,208.0,195.15,202.2,34350,1743481500,256.45,256.8,241.8,249.25,46500,-47.05000000000001,0.06663927881032805
1743481800,2025-04-01 10:00:00+05:30,205.0,205.0,181.8,185.05,33225,1743481800,249.35,252.3,226.15,229.65,44325,-44.599999999999994,0.06694107138241634
1743482100,2025-04-01 10:05:00+05:30,184.55,191.3,181.0,181.35,28725,1743482100,229.4,236.2,224.75,225.0,29475,-43.650000000000006,0.06790783146830393
1743482400,2025-04-01 10:10:00+05:30,180.9,185.0,175.0,175.0,22425,1743482400,224.85,228.9,218.3,219.4,57750,-44.400000000000006,0.0681903949131879
1743482700,2025-04-01 10:15:00+05:30,175.0,189.6,175.0,186.9,44550,1743482700,217.7,233.6,216.8,232.65,17625,-45.75,0.06736298158825349
1743483000,2025-04-01 10:20:00+05:30,188.95,189.0,154.45,154.45,88125,1743483000,232.65,233.65,193.0,193.0,106950,-38.55000000000001,0.07208554577788107
1743483300,2025-04-01 10:25:00+05:30,153.3,156.95,136.9,137.6,111375,1743483300,192.1,196.15,172.7,173.7,83625,-36.099999999999994,0.07838450386815055
1743483600,2025-04-01 10:30:00+05:30,137.75,141.4,132.95,134.0,108000,1743483600,173.75,177.5,166.8,168.75,160800,-34.75,0.08531968767458409
1743483900,2025-04-01 10:35:00+05:30,134.35,142.3,133.5,140.1,64350,1743483900,167.85,178.45,167.6,174.5,50475,-34.400000000000006,0.09207912944903995
1743484200,2025-04-01 10:40:00+05:30,139.9,142.3,135.9,142.05,41025,1743484200,175.8,178.5,171.0,177.45,36825,-35.39999999999998,0.09762537462273713
1743484500,2025-04-01 10:45:00+05:30,140.75,147.2,139.0,139.0,43425,1743484500,177.55,184.45,174.2,174.7,33750,-35.69999999999999,0.10256084705326884
1743484800,2025-04-01 10:50:00+05:30,138.6,141.05,135.7,139.6,40950,1743484800,174.7,176.55,169.6,175.25,30150,-35.650000000000006,0.10718531860428726
1743485100,2025-04-01 10:55:00+05:30,140.25,141.05,124.95,126.3,123975,1743485100,175.7,175.95,156.8,158.25,92100,-31.950000000000003,0.1143291628748031
1743485400,2025-04-01 11:00:00+05:30,126.3,127.3,120.5,120.6,54675,1743485400,158.25,160.1,152.35,152.4,63525,-31.80000000000001,0.12110909272811199
1743485700,2025-04-01 11:05:00+05:30,120.95,123.3,118.55,118.6,36000,1743485700,152.2,155.2,149.55,150.1,52200,-31.5,0.1276555793151175
1743486000,2025-04-01 11:10:00+05:30,119.0,122.7,116.9,117.9,83325,1743486000,150.0,154.85,147.55,148.7,102675,-30.799999999999983,0.13428506329591983
1743486300,2025-04-01 11:15:00+05:30,117.85,123.3,117.6,120.25,38700,1743486300,148.85,155.75,148.65,151.95,36075,-31.69999999999999,0.13975307444174234
1743486600,2025-04-01 11:20:00+05:30,119.3,123.95,118.05,120.9,23925,1743486600,151.4,156.8,149.9,153.25,15675,-32.349999999999994,0.14431197359389358
1743486900,2025-04-01 11:25:00+05:30,120.15,121.3,113.05,119.85,31125,1743486900,153.25,153.7,146.15,151.9,16650,-32.05000000000001,0.14874122288041036
1743487200,2025-04-01 11:30:00+05:30,119.85,120.15,112.5,113.15,32325,1743487200,150.7,152.5,143.0,144.3,31350,-31.150000000000006,0.15350756039982372
1743487500,2025-04-01 11:35:00+05:30,113.15,114.5,108.6,110.05,37500,1743487500,144.3,145.4,138.5,140.75,117750,-30.700000000000003,0.15824154791015133
1743487800,2025-04-01 11:40:00+05:30,110.05,112.0,105.8,107.9,39150,1743487800,140.3,143.25,134.7,136.55,73650,-28.650000000000006,0.16417611063858573
1743488100,2025-04-01 11:45:00+05:30,107.05,112.05,106.2,111.05,43050,1743488100,136.75,141.6,135.8,140.55,50925,-29.500000000000014,0.1690027975697035
1743488400,2025-04-01 11:50:00+05:30,111.4,111.6,107.1,107.3,17850,1743488400,140.55,141.5,136.15,136.15,42225,-28.85000000000001,0.17393621992843578
1743488700,2025-04-01 11:55:00+05:30,107.0,110.55,106.0,108.6,27375,1743488700,136.3,140.55,134.6,137.4,38850,-28.80000000000001,0.17850366952436758
1743489000,2025-04-01 12:00:00+05:30,108.5,109.0,103.55,104.0,28800,1743489000,137.4,138.25,131.1,133.0,46200,-29.0,0.18252873626029498
1743489300,2025-04-01 12:05:00+05:30,104.0,107.5,103.95,107.5,18525,1743489300,133.0,138.0,132.05,138.0,24075,-30.5,0.1850347534307133
1743489600,2025-04-01 12:10:00+05:30,108.25,113.0,108.2,110.0,24975,1743489600,137.4,143.8,137.4,141.25,32400,-31.25,0.18668183795784898
1743489900,2025-04-01 12:15:00+05:30,110.55,118.55,110.45,117.45,23475,1743489900,141.25,150.5,140.05,149.45,30675,-31.999999999999986,0.1875157835003165
1743490200,2025-04-01 12:20:00+05:30,117.35,118.0,109.5,111.05,8925,1743490200,149.45,149.45,139.1,141.5,15600,-30.450000000000003,0.18935553578250364
1743490500,2025-04-01 12:25:00+05:30,111.55,114.6,109.55,109.65,48825,1743490500,141.5,145.65,138.9,139.55,54000,-29.900000000000006,0.19137280845997395
1743490800,2025-04-01 12:30:00+05:30,109.65,118.05,109.65,114.55,30450,1743490800,139.55,150.0,139.4,146.8,21900,-32.250000000000014,0.1913182314993449
1743491100,2025-04-01 12:35:00+05:30,114.55,119.0,111.65,117.35,19275,1743491100,145.55,151.0,142.0,149.75,16050,-32.400000000000006,0.19100323141134368
1743491400,2025-04-01 12:40:00+05:30,118.0,118.2,112.0,112.05,9750,1743491400,149.15,150.1,142.5,142.9,25575,-30.85000000000001,0.19175430253680048
1743491700,2025-04-01 12:45:00+05:30,112.15,113.2,108.7,111.75,13425,1743491700,142.15,144.25,137.55,140.0,17925,-28.25,0.19432279187376622
1743492000,2025-04-01 12:50:00+05:30,110.3,111.85,107.5,109.45,13500,1743492000,140.45,142.25,137.0,139.05,5250,-29.60000000000001,0.19555870506965078
1743492300,2025-04-01 12:55:00+05:30,109.5,109.95,105.4,107.3,13650,1743492300,139.05,139.45,134.1,136.1,14100,-28.799999999999997,0.19719337686713345
1743492600,2025-04-01 13:00:00+05:30,106.95,107.35,102.5,103.6,32400,1743492600,136.1,136.65,130.85,131.4,14700,-27.80000000000001,0.19935804667774448
1743492900,2025-04-01 13:05:00+05:30,104.05,106.0,103.65,104.7,15600,1743492900,132.7,134.5,132.0,133.05,10875,-28.35000000000001,0.20082578451596333
1743493200,2025-04-01 13:10:00+05:30,104.65,107.4,103.55,107.0,22950,1743493200,133.05,136.5,131.7,136.5,11625,-29.5,0.20117059341647092
1743493500,2025-04-01 13:15:00+05:30,107.3,107.3,100.0,101.8,48225,1743493500,136.5,136.5,127.25,129.25,21975,-27.450000000000003,0.20292334981815685
1743493800,2025-04-01 13:20:00+05:30,101.8,102.25,97.85,100.6,25275,1743493800,129.2,129.75,124.45,127.6,19350,-27.0,0.2047707471194542
1743494100,2025-04-01 13:25:00+05:30,100.85,101.05,98.45,99.1,27975,1743494100,127.75,128.05,124.8,125.7,28575,-26.60000000000001,0.20666758609119995
1743494400,2025-04-01 13:30:00+05:30,98.8,102.0,96.0,102.0,47325,1743494400,125.7,129.6,121.8,129.6,26475,-27.599999999999994,0.2075292383733185
1743494700,2025-04-01 13:35:00+05:30,101.95,103.75,100.95,102.7,21750,1743494700,129.6,131.55,127.8,129.7,18900,-26.999999999999986,0.20864656763756528
1743495000,2025-04-01 13:40:00+05:30,102.7,105.7,102.25,102.45,19200,1743495000,130.15,133.55,129.95,130.5,14475,-28.049999999999997,0.20873130809579266
1743495300,2025-04-01 13:45:00+05:30,102.45,102.65,98.75,100.85,17400,1743495300,130.5,130.5,125.6,127.9,16500,-27.05000000000001,0.20942206986937606
1743495600,2025-04-01 13:50:00+05:30,100.85,103.6,100.75,103.6,15750,1743495600,127.9,131.25,127.85,131.1,24675,-27.5,0.20956607018759144
1743495900,2025-04-01 13:55:00+05:30,103.6,104.15,99.85,99.85,17550,1743495900,131.1,131.65,127.05,127.6,9225,-27.75,0.20934750821155035
1743496200,2025-04-01 14:00:00+05:30,99.8,105.8,99.0,105.8,37500,1743496200,127.6,134.1,126.45,134.1,9750,-28.299999999999997,0.2085548929012191
1743496500,2025-04-01 14:05:00+05:30,105.45,105.45,99.45,101.5,18825,1743496500,134.1,134.1,126.5,128.25,18075,-26.75,0.2088409739398216
1743496800,2025-04-01 14:10:00+05:30,100.15,102.2,99.0,101.3,16125,1743496800,126.9,129.3,125.45,128.85,23625,-27.549999999999997,0.20833280243921593
1743497100,2025-04-01 14:15:00+05:30,101.3,101.3,97.1,98.0,36150,1743497100,128.7,129.15,123.3,124.85,19575,-26.849999999999994,0.20823192198557905
1743497400,2025-04-01 14:20:00+05:30,97.95,99.7,97.25,99.15,19275,1743497400,124.45,126.8,123.5,125.85,17175,-26.69999999999999,0.2080916285203358
1743497700,2025-04-01 14:25:00+05:30,99.05,99.7,97.55,99.55,13800,1743497700,125.85,126.3,124.2,125.7,11250,-26.150000000000006,0.20822289145679207
1743498000,2025-04-01 14:30:00+05:30,99.9,102.9,97.8,97.8,25350,1743498000,127.0,130.6,124.45,124.45,27525,-26.650000000000006,0.20780038818838875
1743498300,2025-04-01 14:35:00+05:30,97.5,99.3,95.95,98.9,18075,1743498300,124.0,126.3,122.6,126.3,7800,-27.39999999999999,0.20666184968469992
1743498600,2025-04-01 14:40:00+05:30,98.9,99.95,96.2,98.7,8400,1743498600,126.0,127.2,122.85,126.0,11625,-27.299999999999997,0.20550338016352043
1743498900,2025-04-01 14:45:00+05:30,99.0,99.25,97.15,97.65,15000,1743498900,126.0,126.5,123.75,125.3,9750,-27.64999999999999,0.20397967657390126
1743499200,2025-04-01 14:50:00+05:30,98.85,100.15,97.4,98.0,14925,1743499200,125.3,127.5,123.9,124.65,10650,-26.650000000000006,0.20315379530980948
1743499500,2025-04-01 14:55:00+05:30,97.45,99.45,96.55,98.8,18075,1743499500,124.65,126.75,123.35,126.75,8550,-27.950000000000003,0.2012131031442621
1743499800,2025-04-01 15:00:00+05:30,99.55,102.0,98.8,101.0,48750,1743499800,126.2,129.75,126.0,128.35,23550,-27.349999999999994,0.19968651558269812
1743500100,2025-04-01 15:05:00+05:30,101.0,104.6,100.2,103.7,50775,1743500100,128.55,132.5,127.4,132.25,25425,-28.549999999999997,0.19716336325269168
1743500400,2025-04-01 15:10:00+05:30,104.5,105.0,102.65,103.2,38325,1743500400,132.25,132.6,130.35,130.65,20700,-27.450000000000003,0.1954752334595682
1743500700,2025-04-01 15:15:00+05:30,103.2,103.75,100.5,101.9,48750,1743500700,131.0,131.25,127.85,129.65,26475,-27.75,0.1934972190296378
1743501000,2025-04-01 15:20:00+05:30,101.9,102.7,99.2,100.25,33225,1743501000,129.9,130.05,126.0,127.05,27525,-26.799999999999997,0.19221142285593018
1743501300,2025-04-01 15:25:00+05:30,100.05,104.0,99.6,99.6,90450,1743501300,126.9,131.1,125.4,126.85,143400,-27.25,0.19050045215432476
1743565500,2025-04-02 09:15:00+05:30,104.55,109.0,102.45,106.8,95100,1743565500,130.0,138.2,128.1,133.3,50850,-26.500000000000014,0.18931502918002607
1743565800,2025-04-02 09:20:00+05:30,105.8,106.05,100.55,102.3,60675,1743565800,134.05,134.05,127.2,130.1,55500,-27.799999999999997,0.1870451763403942
1743566100,2025-04-02 09:25:00+05:30,104.55,115.0,103.6,114.1,60750,1743566100,132.25,146.0,131.4,144.85,43050,-30.75,0.18247867243016813
1743566400,2025-04-02 09:30:00+05:30,114.45,123.95,113.25,123.4,86100,1743566400,144.85,156.0,144.0,155.35,26175,-31.94999999999999,0.1770954547288497
1743566700,2025-04-02 09:35:00+05:30,123.35,125.75,116.15,121.35,59100,1743566700,156.15,158.7,147.1,153.8,30375,-32.45000000000002,0.1714846568631998
1743567000,2025-04-02 09:40:00+05:30,121.3,123.85,110.2,110.25,32325,1743567000,154.4,157.0,139.55,140.0,35100,-29.75,0.16813269132754627
1743567300,2025-04-02 09:45:00+05:30,110.4,111.05,99.85,104.7,58350,1743567300,141.1,141.25,127.85,134.0,54600,-29.299999999999997,0.16518192730584502
1743567600,2025-04-02 09:50:00+05:30,104.7,106.3,100.05,104.45,29850,1743567600,134.0,134.6,127.65,133.6,25725,-29.14999999999999,0.16238113227371187
1743567900,2025-04-02 09:55:00+05:30,104.45,118.5,103.95,113.0,40050,1743567900,132.6,150.3,132.35,144.1,28200,-31.099999999999994,0.15810356727439157
1743568200,2025-04-02 10:00:00+05:30,113.0,113.85,107.2,108.0,18075,1743568200,144.9,145.05,136.75,138.0,10800,-30.0,0.15478730155940212
1743568500,2025-04-02 10:05:00+05:30,108.0,111.0,103.4,108.05,8700,1743568500,138.15,140.55,132.3,138.25,6900,-30.200000000000003,0.15137894058236512
1743568800,2025-04-02 10:10:00+05:30,108.95,111.65,107.0,107.4,21150,1743568800,138.25,142.45,137.0,137.0,10875,-29.599999999999994,0.1485035641230148
1743569100,2025-04-02 10:15:00+05:30,107.9,113.05,103.9,111.15,16500,1743569100,137.1,143.8,133.35,140.05,16875,-28.900000000000006,0.14621136201403218
1743569400,2025-04-02 10:20:00+05:30,111.2,113.5,106.05,108.8,18825,1743569400,140.05,144.75,135.8,138.05,15975,-29.250000000000014,0.14366180701114928
1743569700,2025-04-02 10:25:00+05:30,108.8,116.0,108.8,114.7,17250,1743569700,138.05,147.85,138.05,146.35,10725,-31.64999999999999,0.13928887295998393
1743570000,2025-04-02 10:30:00+05:30,114.6,114.95,109.0,113.8,11925,1743570000,146.35,146.45,139.6,145.05,5025,-31.250000000000014,0.13535675653928436
1743570300,2025-04-02 10:35:00+05:30,114.1,114.65,108.2,113.35,13500,1743570300,145.25,146.45,138.6,145.0,13275,-31.650000000000006,0.13122693493573934
1743570600,2025-04-02 10:40:00+05:30,113.35,119.7,112.25,113.6,16650,1743570600,145.0,152.0,143.5,145.55,16050,-31.950000000000017,0.12699060389666528
1743570900,2025-04-02 10:45:00+05:30,114.3,118.2,114.3,117.35,19875,1743570900,145.1,150.85,145.1,150.0,6675,-32.650000000000006,0.12234816743592702
1743571200,2025-04-02 10:50:00+05:30,117.4,124.4,117.3,120.55,30375,1743571200,150.0,158.0,149.35,152.85,23625,-32.3,0.11813580222449005
1743571500,2025-04-02 10:55:00+05:30,120.55,122.05,116.3,120.45,39825,1743571500,154.3,155.5,148.5,154.4,11700,-33.95,0.11278968600227657
1743571800,2025-04-02 11:00:00+05:30,120.15,126.8,117.3,118.8,28275,1743571800,154.4,161.0,150.2,150.35,38100,-31.549999999999997,0.10950167093056962
1743572100,2025-04-02 11:05:00+05:30,118.25,120.8,117.3,118.8,7500,1743572100,150.35,153.65,149.3,150.15,8250,-31.35000000000001,0.10646366349858027
1743572400,2025-04-02 11:10:00+05:30,119.55,122.8,119.25,119.55,14100,1743572400,150.15,156.4,150.15,152.55,27825,-33.000000000000014,0.10223656470187947
1743572700,2025-04-02 11:15:00+05:30,119.55,121.05,111.0,114.0,15375,1743572700,152.55,153.95,143.0,146.0,33300,-32.0,0.0989339401091982
1743573000,2025-04-02 11:20:00+05:30,114.0,118.6,114.0,115.65,13500,1743573000,146.05,151.45,144.95,147.3,16275,-31.650000000000006,0.09600604243604138
1743573300,2025-04-02 11:25:00+05:30,115.65,116.45,111.8,112.55,6675,1743573300,147.3,148.5,142.9,143.15,24075,-30.60000000000001,0.09397482598407692
1743573600,2025-04-02 11:30:00+05:30,112.55,117.0,111.4,117.0,6300,1743573600,143.15,149.25,142.0,148.7,3375,-31.69999999999999,0.09113345444208676
1743573900,2025-04-02 11:35:00+05:30,117.0,121.05,115.55,117.05,10200,1743573900,148.7,154.5,148.05,150.0,31200,-32.95,0.08741274963754364
1743574200,2025-04-02 11:40:00+05:30,117.05,117.15,105.4,108.9,17700,1743574200,149.85,149.85,134.5,138.65,29100,-29.75,0.08629807013995006
1743574500,2025-04-02 11:45:00+05:30,108.3,113.95,107.5,113.6,8250,1743574500,138.45,145.0,137.4,144.45,5550,-30.849999999999994,0.0843289389149291
1743574800,2025-04-02 11:50:00+05:30,113.6,113.75,110.45,110.75,3825,1743574800,144.45,145.2,141.5,142.6,2700,-31.849999999999994,0.08163087030079907
1743575100,2025-04-02 11:55:00+05:30,111.75,114.15,111.25,111.6,3900,1743575100,142.6,145.9,141.75,142.1,2850,-30.5,0.08005950977180021
1743575400,2025-04-02 12:00:00+05:30,111.6,114.8,110.1,114.2,7950,1743575400,142.1,146.5,140.25,146.5,3600,-32.3,0.07712330809889778
1743575700,2025-04-02 12:05:00+05:30,114.55,116.5,113.85,115.0,12600,1743575700,146.15,148.1,144.0,146.25,5700,-31.25,0.0750988154830452
1743576000,2025-04-02 12:10:00+05:30,115.0,119.05,114.1,117.6,12300,1743576000,146.95,151.2,145.0,150.15,33000,-32.55000000000001,0.07212401621871933
1743576300,2025-04-02 12:15:00+05:30,117.25,119.85,117.2,119.6,11550,1743576300,150.15,152.85,149.7,152.85,4125,-33.25,0.06871633000208988
1743576600,2025-04-02 12:20:00+05:30,118.85,120.7,117.3,120.65,16350,1743576600,151.65,153.15,149.5,153.15,20550,-32.5,0.06602114958625194
1743576900,2025-04-02 12:25:00+05:30,119.45,123.05,115.0,115.55,16725,1743576900,151.5,156.35,146.5,147.0,33375,-31.450000000000003,0.06423303971638106
1743577200,2025-04-02 12:30:00+05:30,115.3,121.3,115.3,118.65,8025,1743577200,147.0,154.95,147.0,153.15,7650,-34.5,0.06013948725422935
1743577500,2025-04-02 12:35:00+05:30,118.65,118.8,114.55,116.5,16200,1743577500,153.15,153.15,146.0,148.3,24075,-31.80000000000001,0.058307561446564904
1743577800,2025-04-02 12:40:00+05:30,117.45,119.5,116.3,118.2,9750,1743577800,149.35,151.85,148.5,150.15,7350,-31.950000000000003,0.056415252980904995
1743578100,2025-04-02 12:45:00+05:30,118.2,120.6,117.05,118.0,10050,1743578100,150.15,153.65,150.05,150.25,5175,-32.25,0.05435156782072781
1743578400,2025-04-02 12:50:00+05:30,117.4,117.4,112.5,112.8,13500,1743578400,150.25,150.25,143.55,144.4,25275,-31.60000000000001,0.05286065524673944
1743578700,2025-04-02 12:55:00+05:30,113.0,113.7,110.4,112.65,11400,1743578700,144.8,145.5,141.25,144.5,40425,-31.849999999999994,0.05121770264766923
1743579000,2025-04-02 13:00:00+05:30,112.65,115.5,111.75,115.5,8250,1743579000,144.3,147.5,143.0,147.45,27525,-31.94999999999999,0.04954807201031386
1743579300,2025-04-02 13:05:00+05:30,115.5,116.45,114.8,115.85,10275,1743579300,147.45,148.8,146.5,148.0,6525,-32.150000000000006,0.047777338307739114
1743579600,2025-04-02 13:10:00+05:30,115.85,117.6,115.2,117.6,3000,1743579600,148.0,150.2,147.35,150.2,11250,-32.599999999999994,0.04571946955177353
1743579900,2025-04-02 13:15:00+05:30,117.6,120.3,117.0,118.6,16650,1743579900,150.0,153.05,149.6,151.45,13950,-32.849999999999994,0.04354613810016872
1743580200,2025-04-02 13:20:00+05:30,118.6,120.6,116.5,117.15,4050,1743580200,151.45,153.2,149.65,149.65,5025,-32.5,0.04172840023911917
1743580500,2025-04-02 13:25:00+05:30,117.15,121.5,117.15,120.4,10500,1743580500,149.65,154.1,149.65,153.65,3900,-33.25,0.03939924504285486
1743580800,2025-04-02 13:30:00+05:30,120.4,122.15,117.95,119.65,9150,1743580800,153.65,155.0,151.0,153.1,3975,-33.44999999999999,0.03701295750925482
1743581100,2025-04-02 13:35:00+05:30,119.65,121.25,115.1,115.2,18900,1743581100,153.0,154.0,146.75,147.1,11325,-31.89999999999999,0.03592507897228003
1743581400,2025-04-02 13:40:00+05:30,115.2,115.6,112.0,113.4,21450,1743581400,146.85,147.3,143.0,144.85,11625,-31.44999999999999,0.035216374116298965
1743581700,2025-04-02 13:45:00+05:30,113.3,115.0,112.3,113.2,6975,1743581700,144.85,146.2,142.55,144.9,2475,-31.700000000000003,0.03432638557956125
1743582000,2025-04-02 13:50:00+05:30,112.5,115.05,110.15,111.2,11100,1743582000,143.5,146.75,140.45,142.55,16200,-31.35000000000001,0.03372878585279793
1743582300,2025-04-02 13:55:00+05:30,111.2,116.7,111.2,116.0,22125,1743582300,142.55,148.4,142.55,147.75,31650,-31.75,0.0328291994733263
1743582600,2025-04-02 14:00:00+05:30,116.0,116.25,115.0,115.0,12150,1743582600,147.75,148.25,146.85,147.9,3975,-32.900000000000006,0.031066052556305124
1743582900,2025-04-02 14:05:00+05:30,115.0,115.9,113.45,115.05,3600,1743582900,147.9,148.0,145.0,147.25,17325,-32.2,0.02991576875218982
1743583200,2025-04-02 14:10:00+05:30,115.05,115.05,113.5,113.75,1275,1743583200,147.25,147.25,144.8,145.7,3450,-31.94999999999999,0.028998365041722707
1743583500,2025-04-02 14:15:00+05:30,113.75,117.5,113.65,116.5,7425,1743583500,145.7,149.75,145.25,148.6,6600,-32.099999999999994,0.027993087357415902
1743583800,2025-04-02 14:20:00+05:30,117.2,117.2,116.1,116.1,5100,1743583800,148.6,149.2,148.25,148.25,2475,-32.150000000000006,0.026982701919475716
1743584100,2025-04-02 14:25:00+05:30,117.15,118.2,115.7,117.1,22050,1743584100,148.25,150.7,147.75,149.05,22875,-31.950000000000017,0.02616120682625578
1743584400,2025-04-02 14:30:00+05:30,117.1,117.4,115.2,117.05,23775,1743584400,149.05,149.7,146.75,149.35,11775,-32.3,0.025094421318062388
1743584700,2025-04-02 14:35:00+05:30,116.8,118.9,115.3,115.65,30750,1743584700,149.35,151.55,147.8,147.8,21300,-32.150000000000006,0.024182486166619555
1743585000,2025-04-02 14:40:00+05:30,115.2,119.9,115.2,118.35,20550,1743585000,147.45,152.8,147.45,151.25,10050,-32.900000000000006,0.02272304178082507
1743585300,2025-04-02 14:45:00+05:30,118.35,119.7,117.0,118.1,16050,1743585300,151.25,152.1,149.5,150.45,46125,-32.349999999999994,0.02175049495212633
1743585600,2025-04-02 14:50:00+05:30,118.0,118.45,116.55,117.15,18075,1743585600,150.6,151.2,148.05,149.1,24225,-31.94999999999999,0.0211231538574701
1743585900,2025-04-02 14:55:00+05:30,117.15,120.35,116.7,119.65,22575,1743585900,149.45,153.3,149.0,152.05,25500,-32.400000000000006,0.020166596528095937
1743586200,2025-04-02 15:00:00+05:30,119.95,131.6,119.1,130.45,91050,1743586200,152.45,167.05,152.0,164.7,33225,-34.25,0.017819145101753975
1743586500,2025-04-02 15:05:00+05:30,130.45,131.3,128.65,130.2,49575,1743586500,165.0,166.0,162.35,163.9,24150,-33.70000000000002,0.01601103375349311
1743586800,2025-04-02 15:10:00+05:30,130.15,131.15,128.9,130.4,38925,1743586800,163.25,164.85,162.05,164.45,21600,-34.04999999999998,0.014019526589663656
1743587100,2025-04-02 15:15:00+05:30,130.75,131.85,127.45,128.7,52725,1743587100,164.45,165.6,160.5,161.35,28875,-32.650000000000006,0.013206778817718146
1743587400,2025-04-02 15:20:00+05:30,128.55,130.0,128.55,129.55,46200,1743587400,161.55,163.2,161.55,162.15,20700,-32.599999999999994,0.0124669604789176
1743587700,2025-04-02 15:25:00+05:30,129.4,132.3,125.85,128.95,68400,1743587700,162.6,165.95,162.05,162.35,35025,-33.400000000000006,0.011140655658593346
1743651900,2025-04-03 09:15:00+05:30,92.65,96.2,85.05,94.0,150450,1743651900,119.1,122.75,109.4,120.55,126450,-26.549999999999997,0.015164940833706453
1743652200,2025-04-03 09:20:00+05:30,93.7,103.7,93.2,99.0,89400,1743652200,119.8,132.5,119.35,127.4,63825,-28.400000000000006,0.017529269081737908
1743652500,2025-04-03 09:25:00+05:30,99.15,103.8,98.5,101.0,64050,1743652500,127.25,133.0,126.8,129.05,29400,-28.05000000000001,0.020020630650481763
1743652800,2025-04-03 09:30:00+05:30,101.35,103.25,92.4,101.45,67950,1743652800,129.05,132.65,119.75,132.0,35625,-30.549999999999997,0.02043064373221881
1743653100,2025-04-03 09:35:00+05:30,101.45,103.95,96.85,98.7,36450,1743653100,130.65,133.65,124.75,127.45,20100,-28.75,0.022191579775537207
1743653400,2025-04-03 09:40:00+05:30,98.7,101.0,95.0,96.3,24825,1743653400,127.45,130.45,122.15,124.85,17925,-28.549999999999997,0.023993250498499208
1743653700,2025-04-03 09:45:00+05:30,96.0,96.35,91.05,92.8,74550,1743653700,123.85,124.0,118.0,121.0,22650,-28.200000000000003,0.02594779648920209
1743654000,2025-04-03 09:50:00+05:30,93.1,98.05,92.0,96.45,34800,1743654000,121.0,126.7,119.7,123.2,19425,-26.75,0.02889426178391119
1743654300,2025-04-03 09:55:00+05:30,96.25,97.95,93.0,94.35,31425,1743654300,124.9,126.7,120.9,122.05,14475,-27.700000000000003,0.03092381154884194
1743654600,2025-04-03 10:00:00+05:30,94.55,96.8,90.75,96.6,32775,1743654600,123.0,126.15,118.7,125.05,36225,-28.450000000000003,0.03223947218017642
1743654900,2025-04-03 10:05:00+05:30,96.45,100.7,95.75,99.0,34200,1743654900,125.15,130.5,124.8,129.35,19200,-30.349999999999994,0.0319918286424965
1743655200,2025-04-03 10:10:00+05:30,99.55,101.35,97.5,100.6,63600,1743655200,129.0,132.6,127.65,131.1,32175,-30.5,0.03161730172648802
1743655500,2025-04-03 10:15:00+05:30,100.8,101.1,93.8,97.0,39825,1743655500,131.75,131.9,123.05,126.75,25125,-29.75,0.03181771141809264
1743655800,2025-04-03 10:20:00+05:30,97.2,108.2,96.65,107.15,30300,1743655800,127.0,140.75,126.35,140.0,31425,-32.849999999999994,0.029590147504041653
1743656100,2025-04-03 10:25:00+05:30,108.1,108.1,103.75,104.25,44475,1743656100,139.9,140.75,135.55,136.3,47475,-32.05000000000001,0.028079208625989338
1743656400,2025-04-03 10:30:00+05:30,104.15,105.0,101.45,104.0,31500,1743656400,135.95,137.35,132.75,136.65,23925,-32.650000000000006,0.026166338396759414
1743656700,2025-04-03 10:35:00+05:30,104.5,104.5,102.0,103.35,37050,1743656700,136.5,136.85,133.0,134.75,18525,-31.400000000000006,0.025302781266415053
1743657000,2025-04-03 10:40:00+05:30,102.85,105.0,100.75,102.4,16275,1743657000,134.6,137.0,132.3,133.95,13950,-31.549999999999983,0.024351251745553526
1743657300,2025-04-03 10:45:00+05:30,102.3,102.95,98.75,99.75,45075,1743657300,134.0,134.85,129.55,131.15,12750,-31.400000000000006,0.023548830728831405
1743657600,2025-04-03 10:50:00+05:30,99.75,101.45,97.75,99.55,26550,1743657600,131.15,132.7,128.15,130.25,14025,-30.700000000000003,0.023312431754519025
1743657900,2025-04-03 10:55:00+05:30,99.55,101.95,99.2,101.35,53025,1743657900,130.35,134.0,130.35,133.55,8700,-32.20000000000002,0.021913363974825018
1743658200,2025-04-03 11:00:00+05:30,101.35,102.25,95.0,95.25,25425,1743658200,133.55,134.0,125.0,125.2,12975,-29.950000000000003,0.02231049179488309
1743658500,2025-04-03 11:05:00+05:30,95.1,96.85,94.25,96.3,50175,1743658500,125.25,127.5,124.25,127.0,28725,-30.700000000000003,0.022089825621488757
1743658800,2025-04-03 11:10:00+05:30,96.8,98.65,96.65,98.15,25200,1743658800,127.15,130.05,127.05,129.0,19350,-30.849999999999994,0.02174843976658991
1743659100,2025-04-03 11:15:00+05:30,98.55,98.55,93.55,94.0,48825,1743659100,129.15,129.15,124.15,124.4,23325,-30.400000000000006,0.021756264759410726
1743659400,2025-04-03 11:20:00+05:30,94.0,96.0,93.0,95.65,38400,1743659400,124.6,126.85,123.25,126.65,15750,-31.0,0.021283818218947204
1743659700,2025-04-03 11:25:00+05:30,95.65,95.8,94.45,95.5,6900,1743659700,126.65,126.65,125.25,125.55,8625,-30.049999999999997,0.02155399941234748
1743660000,2025-04-03 11:30:00+05:30,95.5,96.1,94.5,95.25,5400,1743660000,126.0,126.7,124.5,125.9,5400,-30.650000000000006,0.02132968948929559
1743660300,2025-04-03 11:35:00+05:30,95.5,97.35,95.45,96.55,8400,1743660300,125.9,128.5,125.9,127.05,14850,-30.5,0.02121697232337283
1743660600,2025-04-03 11:40:00+05:30,96.4,97.65,96.1,97.65,11700,1743660600,127.05,129.15,127.05,129.15,21825,-31.5,0.020322303350742033
1743660900,2025-04-03 11:45:00+05:30,97.75,98.6,97.3,98.15,7050,1743660900,129.15,129.7,128.4,129.45,3900,-31.299999999999983,0.019615324282568736
1743661200,2025-04-03 11:50:00+05:30,98.35,100.0,97.65,99.45,9300,1743661200,129.45,132.4,128.6,131.7,9150,-32.249999999999986,0.018198779472207605
1743661500,2025-04-03 11:55:00+05:30,99.45,100.0,98.4,98.6,11925,1743661500,131.7,131.7,129.9,130.1,2100,-31.5,0.017424623936062034
1743661800,2025-04-03 12:00:00+05:30,98.6,99.55,98.45,99.55,25425,1743661800,130.1,131.05,130.0,131.0,5550,-31.450000000000003,0.016718028051950995
1743662100,2025-04-03 12:05:00+05:30,99.5,99.5,97.75,97.8,4125,1743662100,131.35,131.55,129.15,129.2,5850,-31.39999999999999,0.016075835239206526
1743662400,2025-04-03 12:10:00+05:30,97.9,98.0,94.75,94.95,13050,1743662400,128.7,129.0,125.45,125.7,17475,-30.75,0.01595806446347936
1743662700,2025-04-03 12:15:00+05:30,94.95,95.6,93.45,95.1,18375,1743662700,125.75,126.4,124.0,125.7,9300,-30.60000000000001,0.015950194255466954
1743663000,2025-04-03 12:20:00+05:30,95.1,95.15,92.25,92.4,9375,1743663000,125.7,125.85,122.5,122.5,5475,-30.099999999999994,0.016316322573796782
1743663300,2025-04-03 12:25:00+05:30,92.4,92.6,90.25,91.45,16275,1743663300,122.1,122.5,120.1,121.55,9675,-30.099999999999994,0.0166497968823478
1743663600,2025-04-03 12:30:00+05:30,91.45,91.95,90.75,91.7,9750,1743663600,121.55,121.9,120.6,121.45,10800,-29.75,0.017222262915545627
1743663900,2025-04-03 12:35:00+05:30,91.4,92.35,91.0,92.35,6000,1743663900,121.25,122.25,120.4,121.8,10650,-29.450000000000003,0.017981595743052026
1743664200,2025-04-03 12:40:00+05:30,92.25,92.5,90.3,90.3,12075,1743664200,121.8,122.25,119.5,119.5,7950,-29.200000000000003,0.01887838237993833
1743664500,2025-04-03 12:45:00+05:30,90.05,90.05,87.7,88.3,17550,1743664500,119.25,119.25,116.55,117.35,14025,-29.049999999999997,0.01982722363106504
1743664800,2025-04-03 12:50:00+05:30,88.0,90.95,88.0,90.65,29250,1743664800,117.05,120.35,117.0,120.0,22125,-29.349999999999994,0.02047724570221021
1743665100,2025-04-03 12:55:00+05:30,90.65,92.1,90.55,91.8,10575,1743665100,120.0,121.85,120.0,121.3,3525,-29.5,0.020960083661641704
1743665400,2025-04-03 13:00:00+05:30,91.85,92.0,90.0,90.0,9900,1743665400,121.5,121.7,118.65,119.0,7050,-29.0,0.021786165627414533
1743665700,2025-04-03 13:05:00+05:30,90.0,90.15,89.35,89.7,4125,1743665700,119.25,119.6,118.35,118.85,3825,-29.14999999999999,0.022434406200019907
1743666000,2025-04-03 13:10:00+05:30,89.7,89.85,89.1,89.6,3600,1743666000,118.85,119.05,118.2,118.9,7350,-29.30000000000001,0.022914049831197048
1743666300,2025-04-03 13:15:00+05:30,89.6,90.6,89.3,90.2,9075,1743666300,118.9,119.65,118.8,118.9,3600,-28.700000000000003,0.02381277990062003
1743666600,2025-04-03 13:20:00+05:30,90.2,90.2,89.5,89.7,2250,1743666600,118.9,119.05,118.35,118.65,3900,-28.950000000000003,0.024450948430526864
1743666900,2025-04-03 13:25:00+05:30,89.7,91.6,89.35,91.2,5475,1743666900,118.65,120.8,118.3,120.8,8625,-29.599999999999994,0.024533638732339824
1743667200,2025-04-03 13:30:00+05:30,91.2,92.9,90.95,92.75,6525,1743667200,120.8,122.25,120.1,122.25,5400,-29.5,0.02467003951058544
1743667500,2025-04-03 13:35:00+05:30,92.4,93.35,92.0,92.6,8250,1743667500,122.55,123.1,121.95,122.25,4125,-29.650000000000006,0.02466416400500293
1743667800,2025-04-03 13:40:00+05:30,92.6,92.6,90.0,90.05,9900,1743667800,122.0,122.55,119.2,119.45,5100,-29.400000000000006,0.02483251423501187
1743668100,2025-04-03 13:45:00+05:30,90.05,92.4,90.0,92.4,9600,1743668100,119.45,121.85,118.6,121.5,4725,-29.099999999999994,0.025204001350559224
1743668400,2025-04-03 13:50:00+05:30,92.4,92.55,91.65,91.95,4725,1743668400,121.5,122.1,121.0,121.35,3525,-29.39999999999999,0.02530415558047494
1743668700,2025-04-03 13:55:00+05:30,91.9,92.2,90.55,91.05,8475,1743668700,121.35,121.35,119.6,121.0,2925,-29.950000000000003,0.024954828733093848
1743669000,2025-04-03 14:00:00+05:30,91.05,93.35,91.05,92.8,13650,1743669000,121.0,122.5,120.75,122.3,5925,-29.5,0.02495267331340756
1743669300,2025-04-03 14:05:00+05:30,93.0,94.35,92.8,94.3,8475,1743669300,122.7,123.6,122.25,123.6,5250,-29.299999999999997,0.02508572944030263
1743669600,2025-04-03 14:10:00+05:30,93.95,93.95,91.7,91.8,4125,1743669600,123.6,123.6,120.95,120.95,10425,-29.150000000000006,0.02530789788481158
1743669900,2025-04-03 14:15:00+05:30,91.8,92.25,90.95,92.25,12750,1743669900,120.95,121.85,120.3,121.85,6750,-29.599999999999994,0.02515107203455713
1743670200,2025-04-03 14:20:00+05:30,92.45,93.05,92.2,92.65,5700,1743670200,121.85,122.55,121.35,122.15,5775,-29.5,0.02506060432694568
1743670500,2025-04-03 14:25:00+05:30,92.75,92.9,91.75,92.25,8400,1743670500,122.15,122.25,121.0,121.6,4125,-29.349999999999994,0.02507151620869763
1743670800,2025-04-03 14:30:00+05:30,92.2,92.4,90.0,90.5,21450,1743670800,121.6,121.6,118.5,119.6,17400,-29.099999999999994,0.02525541959358435
1743671100,2025-04-03 14:35:00+05:30,90.5,90.9,90.0,90.45,13650,1743671100,119.6,119.6,118.8,119.0,5250,-28.549999999999997,0.025834219710151984
1743671400,2025-04-03 14:40:00+05:30,90.45,90.45,88.7,89.7,12900,1743671400,118.95,118.95,117.0,118.15,15750,-28.450000000000003,0.02643854247538968
1743671700,2025-04-03 14:45:00+05:30,89.6,90.05,88.2,89.5,20400,1743671700,118.15,118.65,117.0,118.25,19575,-28.75,0.026757821475388965
1743672000,2025-04-03 14:50:00+05:30,89.55,89.55,88.55,88.9,10650,1743672000,118.25,118.25,117.0,117.3,15525,-28.39999999999999,0.027309069118665263
1743672300,2025-04-03 14:55:00+05:30,88.9,89.5,88.7,88.7,8775,1743672300,117.3,118.45,116.75,116.75,16275,-28.049999999999997,0.028079149367158607
1743672600,2025-04-03 15:00:00+05:30,88.7,89.6,88.0,88.2,31800,1743672600,116.8,118.15,116.0,116.1,45150,-27.89999999999999,0.028901126318711334
1743672900,2025-04-03 15:05:00+05:30,88.15,89.0,87.5,89.0,17175,1743672900,116.15,117.0,115.05,117.0,19800,-28.0,0.029578583501880473
1743673200,2025-04-03 15:10:00+05:30,89.0,89.15,86.85,87.6,48750,1743673200,117.0,117.3,114.65,115.6,31950,-28.0,0.03019609235898102
1743673500,2025-04-03 15:15:00+05:30,87.95,88.0,84.45,84.6,77850,1743673500,115.6,116.15,111.25,111.35,46350,-26.75,0.03172115342814763
1743673800,2025-04-03 15:20:00+05:30,84.55,86.85,84.55,86.85,48675,1743673800,111.7,114.8,111.45,114.8,49950,-27.950000000000003,0.03221206401355303
1743674100,2025-04-03 15:25:00+05:30,86.5,87.5,85.5,85.5,63600,1743674100,114.45,115.4,112.75,114.2,60975,-28.700000000000003,0.032072400247749044
1743738300,2025-04-04 09:15:00+05:30,65.0,75.9,56.4,56.8,288900,1743738300,99.35,99.35,75.1,75.3,169500,-18.5,0.03978752616137626
1743738600,2025-04-04 09:20:00+05:30,56.8,56.8,49.0,49.5,288975,1743738600,75.1,75.55,65.2,66.65,214725,-17.150000000000006,0.04809106691889298
1743738900,2025-04-04 09:25:00+05:30,49.5,53.25,49.4,52.65,159300,1743738900,67.0,71.35,66.0,70.9,99225,-18.250000000000007,0.05505357548601708
1743739200,2025-04-04 09:30:00+05:30,52.85,59.85,50.4,59.55,116850,1743739200,71.0,80.3,68.0,80.0,91950,-20.450000000000003,0.05989423054455045
1743739500,2025-04-04 09:35:00+05:30,59.55,63.15,56.4,59.9,91950,1743739500,79.8,84.75,76.05,80.3,162150,-20.4,0.06446200831988946
1743739800,2025-04-04 09:40:00+05:30,59.5,59.6,50.8,52.05,80475,1743739800,79.65,79.9,68.2,69.75,329400,-17.700000000000003,0.07081348338994786
1743740100,2025-04-04 09:45:00+05:30,52.2,53.05,49.25,49.25,76200,1743740100,69.85,71.2,66.0,66.0,81000,-16.75,0.0774954479731349
1743740400,2025-04-04 09:50:00+05:30,49.45,49.6,43.4,43.55,144300,1743740400,65.9,66.45,58.0,58.0,217425,-14.450000000000003,0.0855265038676265
1743740700,2025-04-04 09:55:00+05:30,43.55,45.45,42.9,43.65,119250,1743740700,58.0,60.55,57.55,58.55,75450,-14.899999999999999,0.09270420728488205
1743741000,2025-04-04 10:00:00+05:30,43.8,44.5,39.75,40.55,101475,1743741000,58.75,59.5,53.55,53.85,115575,-13.300000000000004,0.10065187315638369
1743741300,2025-04-04 10:05:00+05:30,40.4,42.3,40.3,40.5,82800,1743741300,53.85,56.7,53.85,54.05,41850,-13.549999999999997,0.10789343356770331
1743741600,2025-04-04 10:10:00+05:30,40.5,41.55,37.25,37.5,162000,1743741600,53.95,55.2,49.8,50.0,131475,-12.5,0.11546527048083632
1743741900,2025-04-04 10:15:00+05:30,37.4,40.0,36.35,39.55,86625,1743741900,49.95,53.9,48.6,53.1,226650,-13.550000000000004,0.12172275995711246
1743742200,2025-04-04 10:20:00+05:30,39.6,39.7,35.85,36.5,79575,1743742200,52.95,53.4,47.55,48.3,215325,-11.799999999999997,0.1288940024623102
1743742500,2025-04-04 10:25:00+05:30,36.5,37.8,36.2,37.4,56250,1743742500,48.35,50.3,48.05,49.55,61425,-12.149999999999999,0.13530271190145982
1743742800,2025-04-04 10:30:00+05:30,37.35,38.4,36.1,36.65,64800,1743742800,49.8,51.15,47.95,48.25,41925,-11.600000000000001,0.141680303391869
1743743100,2025-04-04 10:35:00+05:30,36.7,38.45,36.6,38.3,68625,1743743100,48.2,51.45,48.2,50.75,33900,-12.450000000000003,0.14694310476133055
1743743400,2025-04-04 10:40:00+05:30,38.3,39.15,37.45,37.75,38100,1743743400,50.85,52.25,50.0,50.3,37575,-12.549999999999997,0.15172695417093252
1743743700,2025-04-04 10:45:00+05:30,37.7,38.5,36.9,37.35,28275,1743743700,50.1,51.25,49.0,50.0,63525,-12.649999999999999,0.15605440360966938
1743744000,2025-04-04 10:50:00+05:30,37.35,39.45,37.35,38.9,28875,1743744000,50.0,52.5,50.0,52.05,20100,-13.149999999999999,0.15963842004530804
1743744300,2025-04-04 10:55:00+05:30,38.85,40.5,38.5,40.5,23625,1743744300,52.05,54.7,51.5,54.7,23550,-14.200000000000003,0.16209250895868266
1743744600,2025-04-04 11:00:00+05:30,40.45,42.2,39.85,41.1,106050,1743744600,54.6,56.4,53.6,54.95,77325,-13.850000000000001,0.16455714556890655
1743744900,2025-04-04 11:05:00+05:30,41.0,44.1,38.45,43.1,55800,1743744900,54.95,59.35,51.35,58.0,83250,-14.899999999999999,0.16594939449253943
1743745200,2025-04-04 11:10:00+05:30,43.25,44.3,40.65,41.7,59100,1743745200,58.15,59.4,54.8,56.45,75075,-14.75,0.16725304679794561
1743745500,2025-04-04 11:15:00+05:30,41.7,41.75,38.75,39.05,34725,1743745500,56.45,56.45,52.05,52.65,24825,-13.600000000000001,0.16924370480623807
1743745800,2025-04-04 11:20:00+05:30,39.2,40.9,37.95,37.95,21375,1743745800,52.6,54.8,50.65,50.65,26325,-12.699999999999996,0.17168924961877963
1743746100,2025-04-04 11:25:00+05:30,37.95,40.35,37.75,40.0,13725,1743746100,50.65,54.3,50.4,53.8,16425,-13.799999999999997,0.17301936095163484
1743746400,2025-04-04 11:30:00+05:30,40.0,42.15,39.6,41.0,24825,1743746400,53.8,56.75,53.7,54.9,18675,-13.899999999999999,0.17406588573956583
1743746700,2025-04-04 11:35:00+05:30,40.45,40.5,36.25,36.25,49125,1743746700,54.5,54.5,48.35,48.75,26100,-12.5,0.17600118602764425
1743747000,2025-04-04 11:40:00+05:30,36.15,37.0,36.15,36.35,24750,1743747000,48.75,49.7,48.3,49.0,21975,-12.649999999999999,0.17757884980676764
1743747300,2025-04-04 11:45:00+05:30,36.35,36.7,34.85,36.2,33525,1743747300,48.75,49.15,46.6,48.5,31650,-12.299999999999997,0.1792031329352035
1743747600,2025-04-04 11:50:00+05:30,36.2,36.5,34.2,35.1,34725,1743747600,48.5,48.5,45.7,47.0,15600,-11.899999999999999,0.18090881507189138
1743747900,2025-04-04 11:55:00+05:30,35.15,36.7,34.55,36.7,86100,1743747900,46.8,49.45,46.25,48.9,110475,-12.199999999999996,0.18214989196314235
1743748200,2025-04-04 12:00:00+05:30,36.4,36.45,34.45,34.7,194550,1743748200,49.0,49.0,46.55,46.85,290925,-12.149999999999999,0.18322097745848964
1743748500,2025-04-04 12:05:00+05:30,34.6,35.5,33.7,34.95,129525,1743748500,46.8,48.25,45.75,47.25,35325,-12.299999999999997,0.18397620877854948
1743748800,2025-04-04 12:10:00+05:30,34.95,35.5,34.5,34.8,15375,1743748800,47.25,48.2,47.0,47.55,13725,-12.75,0.1842007840056148
1743749100,2025-04-04 12:15:00+05:30,34.8,36.25,34.15,36.0,31125,1743749100,47.55,49.1,46.45,49.05,14925,-13.049999999999997,0.18403936994066328
1743749400,2025-04-04 12:20:00+05:30,36.05,36.35,34.25,35.05,268500,1743749400,49.25,49.65,47.3,48.35,41550,-13.300000000000004,0.18355182894433852
1743749700,2025-04-04 12:25:00+05:30,34.95,36.05,33.85,34.0,181725,1743749700,48.45,49.8,46.65,46.75,65925,-12.75,0.18337381029552802
1743750000,2025-04-04 12:30:00+05:30,34.1,34.45,33.0,33.5,227550,1743750000,46.75,47.8,46.0,47.2,104850,-13.700000000000003,0.18233086053637138
1743750300,2025-04-04 12:35:00+05:30,33.65,34.0,32.45,33.25,286500,1743750300,47.0,47.5,45.5,46.6,102975,-13.350000000000001,0.18147445800651596
1743750600,2025-04-04 12:40:00+05:30,33.25,33.6,32.9,33.5,59175,1743750600,46.6,47.4,46.4,47.0,19575,-13.5,0.18040916496661907
1743750900,2025-04-04 12:45:00+05:30,33.25,33.5,32.25,32.25,45600,1743750900,46.85,47.0,45.3,45.35,22725,-13.100000000000001,0.1795717142117823
1743751200,2025-04-04 12:50:00+05:30,32.25,32.8,31.65,32.2,30375,1743751200,45.35,45.95,44.4,45.0,10725,-12.799999999999997,0.17887309215798908
1743751500,2025-04-04 12:55:00+05:30,32.1,33.25,31.8,32.85,53625,1743751500,44.9,46.3,44.4,45.8,22800,-12.949999999999996,0.17795894170262372
1743751800,2025-04-04 13:00:00+05:30,32.7,33.35,31.35,31.5,49500,1743751800,45.9,46.5,43.65,43.95,15375,-12.450000000000003,0.17734341809705612
1743752100,2025-04-04 13:05:00+05:30,31.45,33.15,31.4,32.95,40425,1743752100,44.0,46.45,43.8,46.1,11100,-13.149999999999999,0.17608452868628177
1743752400,2025-04-04 13:10:00+05:30,32.95,33.0,30.65,30.7,53700,1743752400,46.2,46.4,42.55,42.65,25350,-11.95,0.17568483018384384
1743752700,2025-04-04 13:15:00+05:30,31.1,31.6,30.6,31.25,20700,1743752700,42.65,44.25,42.6,43.55,26925,-12.299999999999997,0.1749013336983758
1743753000,2025-04-04 13:20:00+05:30,31.25,31.85,30.8,31.2,21375,1743753000,43.55,44.7,43.05,43.5,18450,-12.3,0.17402578775643107
1743753300,2025-04-04 13:25:00+05:30,31.2,31.2,30.5,30.85,26325,1743753300,43.5,43.7,42.7,43.5,20850,-12.649999999999999,0.17279379803607497
1743753600,2025-04-04 13:30:00+05:30,30.85,31.0,30.0,30.6,20250,1743753600,43.35,43.45,42.05,42.7,13800,-12.100000000000001,0.17192042492548865
1743753900,2025-04-04 13:35:00+05:30,30.5,30.8,29.55,30.45,44925,1743753900,42.7,42.9,41.1,42.3,30375,-11.849999999999998,0.1711551660853452
1743754200,2025-04-04 13:40:00+05:30,30.4,30.5,28.15,28.5,65550,1743754200,42.1,42.35,38.75,39.15,37800,-10.649999999999999,0.17122585415746272
1743754500,2025-04-04 13:45:00+05:30,28.55,29.0,28.2,28.8,63375,1743754500,38.85,39.75,38.55,39.45,42600,-10.650000000000002,0.17116052470515086
1743754800,2025-04-04 13:50:00+05:30,28.8,28.9,28.3,28.5,29775,1743754800,39.4,39.8,38.75,39.15,47025,-10.649999999999999,0.17096668116170477
1743755100,2025-04-04 13:55:00+05:30,28.5,28.7,27.95,28.15,33600,1743755100,39.15,39.35,38.35,38.5,29475,-10.350000000000001,0.17088304113778108
1743755400,2025-04-04 14:00:00+05:30,27.95,28.6,27.4,27.6,55200,1743755400,38.7,39.45,37.55,38.0,35700,-10.399999999999999,0.1706335168001889
1743755700,2025-04-04 14:05:00+05:30,27.8,28.45,27.5,28.15,49725,1743755700,38.05,38.95,38.0,38.5,33000,-10.350000000000001,0.17030456565276886
1743756000,2025-04-04 14:10:00+05:30,28.0,28.45,28.0,28.25,28200,1743756000,38.45,39.0,38.15,38.75,22275,-10.5,0.16974644295668284
1743756300,2025-04-04 14:15:00+05:30,28.25,28.6,28.05,28.3,31050,1743756300,38.6,39.25,38.35,38.65,19725,-10.349999999999998,0.16920366293353872
1743756600,2025-04-04 14:20:00+05:30,28.3,28.5,27.8,28.2,50100,1743756600,38.65,39.1,38.3,38.55,40425,-10.349999999999998,0.1685600407099006
1743756900,2025-04-04 14:25:00+05:30,28.1,28.25,27.3,27.9,64950,1743756900,38.5,38.65,37.35,37.75,28575,-9.850000000000001,0.16820747550896442
1743757200,2025-04-04 14:30:00+05:30,27.8,27.85,27.1,27.35,29175,1743757200,37.75,37.95,36.85,37.1,27675,-9.75,0.16782158957004434
1743757500,2025-04-04 14:35:00+05:30,27.15,27.35,26.55,27.1,40350,1743757500,37.05,37.2,36.2,36.95,14550,-9.850000000000001,0.16725015573384105
1743757800,2025-04-04 14:40:00+05:30,27.15,27.25,26.5,26.6,32175,1743757800,37.2,37.35,36.15,36.3,27525,-9.699999999999996,0.16669672046729822
1743758100,2025-04-04 14:45:00+05:30,26.7,26.95,26.15,26.55,41850,1743758100,36.35,36.9,36.0,36.2,27375,-9.650000000000002,0.16608354928214197
1743758400,2025-04-04 14:50:00+05:30,26.5,26.85,26.25,26.55,44550,1743758400,36.2,36.75,35.9,36.15,19425,-9.599999999999998,0.16541438859659152
1743758700,2025-04-04 14:55:00+05:30,26.55,26.7,25.8,26.05,58125,1743758700,36.35,36.35,35.1,35.45,38850,-9.400000000000002,0.16480858582736602
1743759000,2025-04-04 15:00:00+05:30,26.0,28.45,25.85,28.45,69375,1743759000,35.4,38.6,35.4,38.6,33450,-10.150000000000002,0.16352997071840214
1743759300,2025-04-04 15:05:00+05:30,28.2,29.25,28.2,29.1,41475,1743759300,38.6,39.8,38.25,39.6,42225,-10.5,0.16192509799957655
1743759600,2025-04-04 15:10:00+05:30,29.0,29.1,28.25,28.85,52125,1743759600,39.6,39.6,38.65,39.2,27375,-10.350000000000001,0.1603989602720972
1743759900,2025-04-04 15:15:00+05:30,28.8,29.0,28.0,28.75,44625,1743759900,39.2,39.3,38.05,39.0,40575,-10.25,0.15890983340193898
1743760200,2025-04-04 15:20:00+05:30,28.85,29.0,28.5,28.6,60450,1743760200,39.05,39.4,38.55,38.65,53700,-10.049999999999997,0.15753401401731715
1743760500,2025-04-04 15:25:00+05:30,28.55,29.0,27.75,28.05,108300,1743760500,38.6,38.85,37.85,38.2,66975,-10.150000000000002,0.15603482913957478
