epoch,datetime_ist,open,high,low,close,volume
1742787900,2025-03-24 09:15:00+05:30,101.45,113.1,99.8,112.3,61950
1742788200,2025-03-24 09:20:00+05:30,111.95,113.95,106.75,113.1,41850
1742788500,2025-03-24 09:25:00+05:30,112.5,112.5,107.75,108.35,30675
1742788800,2025-03-24 09:30:00+05:30,108.0,108.7,102.45,102.65,23100
1742789100,2025-03-24 09:35:00+05:30,101.95,106.05,101.7,102.0,10725
1742789400,2025-03-24 09:40:00+05:30,101.15,111.4,100.2,107.5,33225
1742789700,2025-03-24 09:45:00+05:30,108.1,115.0,107.75,114.25,31425
1742790000,2025-03-24 09:50:00+05:30,114.25,121.0,113.85,116.4,27600
1742790300,2025-03-24 09:55:00+05:30,116.0,129.35,116.0,128.45,23325
1742790600,2025-03-24 10:00:00+05:30,127.05,134.05,125.85,131.0,37650
1742790900,2025-03-24 10:05:00+05:30,131.6,132.6,128.7,130.15,36975
1742791200,2025-03-24 10:10:00+05:30,129.75,131.05,127.5,130.05,36075
1742791500,2025-03-24 10:15:00+05:30,130.15,136.35,129.25,136.25,26325
1742791800,2025-03-24 10:20:00+05:30,136.65,137.75,131.75,132.5,29850
1742792100,2025-03-24 10:25:00+05:30,132.3,138.15,132.0,137.65,22050
1742792400,2025-03-24 10:30:00+05:30,136.75,142.5,136.75,138.9,45000
1742792700,2025-03-24 10:35:00+05:30,138.9,147.7,138.9,145.05,28650
1742793000,2025-03-24 10:40:00+05:30,145.05,150.55,145.05,147.5,35625
1742793300,2025-03-24 10:45:00+05:30,147.5,152.8,145.8,152.75,7800
1742793600,2025-03-24 10:50:00+05:30,152.75,158.9,151.5,157.6,23925
1742793900,2025-03-24 10:55:00+05:30,157.6,175.75,157.6,175.75,61575
1742794200,2025-03-24 11:00:00+05:30,176.7,177.55,163.85,170.0,188400
1742794500,2025-03-24 11:05:00+05:30,170.0,170.0,159.15,159.25,133200
1742794800,2025-03-24 11:10:00+05:30,159.55,163.6,151.05,162.6,87375
1742795100,2025-03-24 11:15:00+05:30,161.95,163.55,154.55,156.8,28950
1742795400,2025-03-24 11:20:00+05:30,157.3,163.5,157.25,162.6,25575
1742795700,2025-03-24 11:25:00+05:30,162.6,167.3,161.5,165.5,42150
1742796000,2025-03-24 11:30:00+05:30,165.5,169.75,164.95,165.2,10950
1742796300,2025-03-24 11:35:00+05:30,165.2,165.25,151.85,152.15,33825
1742796600,2025-03-24 11:40:00+05:30,153.45,156.4,142.2,145.65,33075
1742796900,2025-03-24 11:45:00+05:30,146.25,158.0,146.25,155.85,8100
1742797200,2025-03-24 11:50:00+05:30,155.55,157.15,153.25,156.95,14625
1742797500,2025-03-24 11:55:00+05:30,156.6,161.0,155.0,161.0,26025
1742797800,2025-03-24 12:00:00+05:30,161.0,162.0,155.65,156.95,20925
1742798100,2025-03-24 12:05:00+05:30,156.95,159.7,154.0,159.7,29775
1742798400,2025-03-24 12:10:00+05:30,160.0,164.4,159.95,163.05,109425
1742798700,2025-03-24 12:15:00+05:30,163.05,168.1,162.1,166.35,7425
1742799000,2025-03-24 12:20:00+05:30,166.1,167.0,162.6,164.65,63075
1742799300,2025-03-24 12:25:00+05:30,165.45,169.5,164.45,167.95,24525
1742799600,2025-03-24 12:30:00+05:30,167.95,169.2,161.7,161.7,19500
1742799900,2025-03-24 12:35:00+05:30,162.75,164.3,161.25,161.7,34725
1742800200,2025-03-24 12:40:00+05:30,161.5,165.3,159.85,164.5,27225
1742800500,2025-03-24 12:45:00+05:30,164.05,167.5,160.9,166.6,14025
1742800800,2025-03-24 12:50:00+05:30,166.6,167.0,163.2,166.8,36900
1742801100,2025-03-24 12:55:00+05:30,166.8,168.5,158.0,160.95,50925
1742801400,2025-03-24 13:00:00+05:30,159.75,163.7,158.7,163.7,4800
1742801700,2025-03-24 13:05:00+05:30,163.7,166.95,162.65,166.95,5175
1742802000,2025-03-24 13:10:00+05:30,166.95,169.45,166.6,168.9,17250
1742802300,2025-03-24 13:15:00+05:30,168.9,170.4,165.95,165.95,27675
1742802600,2025-03-24 13:20:00+05:30,166.15,169.4,166.15,166.4,5025
1742802900,2025-03-24 13:25:00+05:30,166.4,170.7,166.4,169.35,8550
1742803200,2025-03-24 13:30:00+05:30,168.75,169.6,165.85,166.05,2475
1742803500,2025-03-24 13:35:00+05:30,166.05,171.1,166.05,171.1,5025
1742803800,2025-03-24 13:40:00+05:30,169.7,172.0,166.75,167.15,5400
1742804100,2025-03-24 13:45:00+05:30,166.8,166.8,159.6,165.15,5550
1742804400,2025-03-24 13:50:00+05:30,164.5,167.55,163.9,167.55,4425
1742804700,2025-03-24 13:55:00+05:30,167.55,174.25,166.65,174.25,6000
1742805000,2025-03-24 14:00:00+05:30,172.5,175.0,172.05,173.8,9300
1742805300,2025-03-24 14:05:00+05:30,172.85,174.35,170.55,172.75,29925
1742805600,2025-03-24 14:10:00+05:30,172.75,179.8,172.05,179.4,14325
1742805900,2025-03-24 14:15:00+05:30,179.4,180.65,176.75,179.35,8100
1742806200,2025-03-24 14:20:00+05:30,178.9,183.8,177.6,183.4,16575
1742806500,2025-03-24 14:25:00+05:30,183.4,187.7,182.8,183.85,39600
1742806800,2025-03-24 14:30:00+05:30,183.85,183.95,181.0,181.65,8700
1742807100,2025-03-24 14:35:00+05:30,181.65,185.65,180.85,185.15,9675
1742807400,2025-03-24 14:40:00+05:30,185.15,185.15,179.25,181.15,5175
1742807700,2025-03-24 14:45:00+05:30,180.95,182.15,179.85,181.55,3750
1742808000,2025-03-24 14:50:00+05:30,181.55,185.0,181.3,184.7,4875
1742808300,2025-03-24 14:55:00+05:30,184.7,184.7,179.9,181.85,11850
1742808600,2025-03-24 15:00:00+05:30,181.85,181.85,168.95,171.2,19425
1742808900,2025-03-24 15:05:00+05:30,170.0,179.45,169.6,179.2,18000
1742809200,2025-03-24 15:10:00+05:30,179.4,179.95,177.0,179.0,20325
1742809500,2025-03-24 15:15:00+05:30,178.1,183.15,178.1,182.9,13950
1742809800,2025-03-24 15:20:00+05:30,182.25,185.75,182.0,185.55,19350
1742810100,2025-03-24 15:25:00+05:30,185.55,189.0,185.15,188.9,60900
1742874300,2025-03-25 09:15:00+05:30,190.0,220.0,190.0,202.05,45825
1742874600,2025-03-25 09:20:00+05:30,202.0,204.0,196.0,196.25,62775
1742874900,2025-03-25 09:25:00+05:30,195.0,203.55,183.3,202.85,66750
1742875200,2025-03-25 09:30:00+05:30,202.0,213.0,202.0,211.4,20925
1742875500,2025-03-25 09:35:00+05:30,211.3,224.0,209.85,220.6,60600
1742875800,2025-03-25 09:40:00+05:30,221.75,223.9,219.5,221.95,25275
1742876100,2025-03-25 09:45:00+05:30,222.0,230.95,217.25,230.1,43275
1742876400,2025-03-25 09:50:00+05:30,229.3,251.2,228.6,249.1,38400
1742876700,2025-03-25 09:55:00+05:30,249.1,266.5,248.5,263.9,38400
1742877000,2025-03-25 10:00:00+05:30,263.9,263.9,244.7,249.95,27825
1742877300,2025-03-25 10:05:00+05:30,251.0,254.3,242.4,243.95,18450
1742877600,2025-03-25 10:10:00+05:30,242.65,246.85,229.9,229.9,20550
1742877900,2025-03-25 10:15:00+05:30,228.05,246.35,223.0,242.6,28050
1742878200,2025-03-25 10:20:00+05:30,244.65,252.9,244.15,249.7,13950
1742878500,2025-03-25 10:25:00+05:30,249.7,252.25,244.0,245.0,35850
1742878800,2025-03-25 10:30:00+05:30,245.0,245.0,231.8,235.3,20925
1742879100,2025-03-25 10:35:00+05:30,232.0,233.35,201.05,214.15,19725
1742879400,2025-03-25 10:40:00+05:30,215.25,224.8,207.65,222.75,15000
1742879700,2025-03-25 10:45:00+05:30,224.0,224.0,214.55,217.0,5325
1742880000,2025-03-25 10:50:00+05:30,216.45,218.35,208.85,210.0,4725
1742880300,2025-03-25 10:55:00+05:30,210.0,210.0,186.75,202.8,23025
1742880600,2025-03-25 11:00:00+05:30,202.8,203.05,193.0,199.85,11925
1742880900,2025-03-25 11:05:00+05:30,199.85,210.0,192.65,192.65,9150
1742881200,2025-03-25 11:10:00+05:30,192.65,204.95,192.65,200.85,8850
1742881500,2025-03-25 11:15:00+05:30,200.85,205.4,195.55,202.15,24900
1742881800,2025-03-25 11:20:00+05:30,202.15,202.3,188.05,188.1,6450
1742882100,2025-03-25 11:25:00+05:30,188.0,190.25,177.1,180.1,17175
1742882400,2025-03-25 11:30:00+05:30,181.95,191.0,181.1,190.25,14475
1742882700,2025-03-25 11:35:00+05:30,190.25,190.25,176.8,177.75,5550
1742883000,2025-03-25 11:40:00+05:30,177.75,182.0,170.8,173.35,16950
1742883300,2025-03-25 11:45:00+05:30,174.55,183.4,174.5,176.45,13200
1742883600,2025-03-25 11:50:00+05:30,176.45,187.7,171.55,185.85,10200
1742883900,2025-03-25 11:55:00+05:30,185.85,196.9,183.7,196.9,8475
1742884200,2025-03-25 12:00:00+05:30,199.45,201.4,196.75,198.25,17550
1742884500,2025-03-25 12:05:00+05:30,200.05,207.7,195.65,206.0,13875
1742884800,2025-03-25 12:10:00+05:30,204.75,206.25,191.55,194.5,9600
1742885100,2025-03-25 12:15:00+05:30,193.6,195.5,175.35,178.5,13350
1742885400,2025-03-25 12:20:00+05:30,178.5,189.7,178.5,188.5,10800
1742885700,2025-03-25 12:25:00+05:30,188.5,189.25,182.0,186.65,9375
1742886000,2025-03-25 12:30:00+05:30,186.65,190.5,182.0,182.2,6300
1742886300,2025-03-25 12:35:00+05:30,182.4,189.9,180.05,189.0,6825
1742886600,2025-03-25 12:40:00+05:30,189.0,192.55,184.0,192.55,4575
1742886900,2025-03-25 12:45:00+05:30,192.55,195.2,189.45,192.8,5475
1742887200,2025-03-25 12:50:00+05:30,192.8,194.0,185.5,187.15,3000
1742887500,2025-03-25 12:55:00+05:30,187.15,191.05,186.35,189.65,2625
1742887800,2025-03-25 13:00:00+05:30,189.65,189.65,183.75,187.55,1575
1742888100,2025-03-25 13:05:00+05:30,187.55,189.5,185.0,187.6,1950
1742888400,2025-03-25 13:10:00+05:30,187.6,190.0,184.95,184.95,2025
1742888700,2025-03-25 13:15:00+05:30,184.95,185.2,174.35,176.5,7125
1742889000,2025-03-25 13:20:00+05:30,176.5,183.15,175.0,182.6,8925
1742889300,2025-03-25 13:25:00+05:30,182.6,182.8,177.45,177.45,3375
1742889600,2025-03-25 13:30:00+05:30,177.45,185.75,177.45,185.25,2700
1742889900,2025-03-25 13:35:00+05:30,184.6,195.0,184.6,193.4,8100
1742890200,2025-03-25 13:40:00+05:30,193.4,196.3,191.0,196.15,5625
1742890500,2025-03-25 13:45:00+05:30,196.15,201.25,192.65,201.25,4800
1742890800,2025-03-25 13:50:00+05:30,202.0,207.85,197.65,201.4,7650
1742891100,2025-03-25 13:55:00+05:30,201.4,204.1,198.6,201.65,18975
1742891400,2025-03-25 14:00:00+05:30,201.2,201.2,194.0,200.95,3300
1742891700,2025-03-25 14:05:00+05:30,200.7,202.05,197.25,201.05,24375
1742892000,2025-03-25 14:10:00+05:30,201.05,205.0,200.0,204.85,5175
1742892300,2025-03-25 14:15:00+05:30,205.45,207.5,196.75,198.45,11925
1742892600,2025-03-25 14:20:00+05:30,198.35,198.35,190.75,191.05,7125
1742892900,2025-03-25 14:25:00+05:30,191.25,192.0,187.3,188.3,6675
1742893200,2025-03-25 14:30:00+05:30,187.25,195.0,187.25,195.0,12750
1742893500,2025-03-25 14:35:00+05:30,195.0,196.0,193.0,194.25,5475
1742893800,2025-03-25 14:40:00+05:30,194.25,194.25,186.75,186.75,29100
1742894100,2025-03-25 14:45:00+05:30,187.3,190.2,183.35,190.2,9975
1742894400,2025-03-25 14:50:00+05:30,190.2,190.95,181.75,183.4,16350
1742894700,2025-03-25 14:55:00+05:30,183.4,192.95,183.4,188.7,9675
1742895000,2025-03-25 15:00:00+05:30,188.7,191.55,186.05,186.1,7275
1742895300,2025-03-25 15:05:00+05:30,186.1,187.0,184.3,186.15,14400
1742895600,2025-03-25 15:10:00+05:30,186.75,186.75,182.95,183.0,22425
1742895900,2025-03-25 15:15:00+05:30,183.0,185.05,182.45,183.75,27000
1742896200,2025-03-25 15:20:00+05:30,184.45,185.1,180.5,180.5,12225
1742896500,2025-03-25 15:25:00+05:30,180.0,180.0,164.0,164.0,22650
1742960700,2025-03-26 09:15:00+05:30,190.0,190.0,175.9,182.7,18225
1742961000,2025-03-26 09:20:00+05:30,182.7,198.25,182.7,192.55,31275
1742961300,2025-03-26 09:25:00+05:30,192.55,196.0,179.0,183.05,19875
1742961600,2025-03-26 09:30:00+05:30,183.3,190.55,174.65,175.85,35325
1742961900,2025-03-26 09:35:00+05:30,174.05,178.3,164.7,166.55,29475
1742962200,2025-03-26 09:40:00+05:30,166.9,169.45,163.25,163.55,28275
1742962500,2025-03-26 09:45:00+05:30,163.05,168.7,154.35,166.15,15150
1742962800,2025-03-26 09:50:00+05:30,166.15,167.15,157.8,164.7,6675
1742963100,2025-03-26 09:55:00+05:30,164.7,176.15,164.7,170.95,6675
1742963400,2025-03-26 10:00:00+05:30,170.95,172.5,163.4,169.75,1875
1742963700,2025-03-26 10:05:00+05:30,169.75,170.3,161.2,170.2,3750
1742964000,2025-03-26 10:10:00+05:30,170.2,174.9,170.2,173.0,1725
1742964300,2025-03-26 10:15:00+05:30,173.0,175.3,168.0,175.3,1575
1742964600,2025-03-26 10:20:00+05:30,175.3,176.0,166.25,168.5,2700
1742964900,2025-03-26 10:25:00+05:30,168.5,171.9,166.5,166.5,3300
1742965200,2025-03-26 10:30:00+05:30,166.4,180.6,166.4,180.6,5850
1742965500,2025-03-26 10:35:00+05:30,181.65,189.8,175.05,175.65,8175
1742965800,2025-03-26 10:40:00+05:30,175.65,176.7,171.35,173.35,4050
1742966100,2025-03-26 10:45:00+05:30,173.35,181.25,173.35,179.15,3825
1742966400,2025-03-26 10:50:00+05:30,179.15,181.0,175.8,175.8,3825
1742966700,2025-03-26 10:55:00+05:30,175.8,177.65,170.4,174.2,6000
1742967000,2025-03-26 11:00:00+05:30,174.2,174.2,160.05,161.85,10575
1742967300,2025-03-26 11:05:00+05:30,161.25,167.4,161.25,165.75,4650
1742967600,2025-03-26 11:10:00+05:30,165.75,167.8,163.35,167.5,3075
1742967900,2025-03-26 11:15:00+05:30,167.5,168.55,164.65,166.5,2100
1742968200,2025-03-26 11:20:00+05:30,166.5,169.1,163.8,168.6,1575
1742968500,2025-03-26 11:25:00+05:30,168.6,173.05,165.45,173.05,1950
1742968800,2025-03-26 11:30:00+05:30,173.05,175.5,171.95,171.95,1125
1742969100,2025-03-26 11:35:00+05:30,171.95,173.25,167.45,167.7,1425
1742969400,2025-03-26 11:40:00+05:30,167.7,167.7,163.0,167.55,3150
1742969700,2025-03-26 11:45:00+05:30,167.2,167.2,163.6,165.1,4050
1742970000,2025-03-26 11:50:00+05:30,165.1,165.1,160.0,165.0,3075
1742970300,2025-03-26 11:55:00+05:30,165.0,165.0,151.45,152.95,9225
1742970600,2025-03-26 12:00:00+05:30,152.95,154.0,147.5,151.55,12150
1742970900,2025-03-26 12:05:00+05:30,151.4,155.0,150.85,154.3,6000
1742971200,2025-03-26 12:10:00+05:30,154.9,157.4,153.3,154.25,35250
1742971500,2025-03-26 12:15:00+05:30,154.25,157.15,153.4,155.1,10725
1742971800,2025-03-26 12:20:00+05:30,155.1,158.0,154.2,157.8,6525
1742972100,2025-03-26 12:25:00+05:30,157.8,159.2,155.9,158.0,2025
1742972400,2025-03-26 12:30:00+05:30,158.0,160.25,156.8,160.15,2025
1742972700,2025-03-26 12:35:00+05:30,160.15,161.75,159.05,159.4,4950
1742973000,2025-03-26 12:40:00+05:30,159.4,161.0,157.15,159.95,4275
1742973300,2025-03-26 12:45:00+05:30,159.95,165.35,158.5,163.95,4950
1742973600,2025-03-26 12:50:00+05:30,164.35,165.9,163.2,163.2,14850
1742973900,2025-03-26 12:55:00+05:30,163.2,163.2,159.65,159.65,2250
1742974200,2025-03-26 13:00:00+05:30,159.65,161.2,156.35,156.35,3375
1742974500,2025-03-26 13:05:00+05:30,155.2,156.0,146.9,148.5,36075
1742974800,2025-03-26 13:10:00+05:30,148.5,150.0,145.3,148.05,19200
1742975100,2025-03-26 13:15:00+05:30,148.05,148.65,137.5,138.75,24750
1742975400,2025-03-26 13:20:00+05:30,139.0,146.0,139.0,146.0,15600
1742975700,2025-03-26 13:25:00+05:30,146.0,148.2,146.0,147.6,4200
1742976000,2025-03-26 13:30:00+05:30,147.6,147.9,142.8,143.8,18150
1742976300,2025-03-26 13:35:00+05:30,143.65,143.65,139.5,142.0,12300
1742976600,2025-03-26 13:40:00+05:30,142.0,142.0,133.25,133.45,29850
1742976900,2025-03-26 13:45:00+05:30,133.55,134.7,129.65,129.65,28500
1742977200,2025-03-26 13:50:00+05:30,129.65,136.35,129.65,135.3,19125
1742977500,2025-03-26 13:55:00+05:30,134.6,137.0,133.5,134.6,15225
1742977800,2025-03-26 14:00:00+05:30,134.6,140.0,133.9,139.1,8325
1742978100,2025-03-26 14:05:00+05:30,139.1,142.25,136.3,138.3,7650
1742978400,2025-03-26 14:10:00+05:30,138.3,139.45,135.75,139.25,5475
1742978700,2025-03-26 14:15:00+05:30,139.25,141.9,134.45,134.55,11700
1742979000,2025-03-26 14:20:00+05:30,134.55,138.5,134.55,137.95,4875
1742979300,2025-03-26 14:25:00+05:30,136.9,138.45,135.7,136.55,2100
1742979600,2025-03-26 14:30:00+05:30,136.45,136.45,130.85,131.9,18750
1742979900,2025-03-26 14:35:00+05:30,131.9,133.85,131.35,133.05,2925
1742980200,2025-03-26 14:40:00+05:30,133.05,133.05,128.95,129.85,10650
1742980500,2025-03-26 14:45:00+05:30,130.1,132.7,128.5,131.95,9000
1742980800,2025-03-26 14:50:00+05:30,131.95,131.95,117.95,118.45,36000
1742981100,2025-03-26 14:55:00+05:30,118.45,119.25,111.65,114.6,52275
1742981400,2025-03-26 15:00:00+05:30,114.0,115.85,111.3,114.95,28725
1742981700,2025-03-26 15:05:00+05:30,114.75,118.3,113.4,117.95,16950
1742982000,2025-03-26 15:10:00+05:30,117.95,122.2,117.75,120.05,20700
1742982300,2025-03-26 15:15:00+05:30,120.05,120.05,115.2,116.05,10275
1742982600,2025-03-26 15:20:00+05:30,116.05,117.55,115.75,115.8,39450
1742982900,2025-03-26 15:25:00+05:30,115.9,115.9,113.0,113.0,23325
1743047100,2025-03-27 09:15:00+05:30,100.05,111.5,98.85,111.5,36450
1743047400,2025-03-27 09:20:00+05:30,111.45,118.75,107.75,113.45,18900
1743047700,2025-03-27 09:25:00+05:30,112.45,123.6,109.35,121.2,30525
1743048000,2025-03-27 09:30:00+05:30,121.05,125.05,116.55,119.45,19050
1743048300,2025-03-27 09:35:00+05:30,117.85,118.65,112.95,112.95,16425
1743048600,2025-03-27 09:40:00+05:30,113.45,122.85,113.45,122.75,14850
1743048900,2025-03-27 09:45:00+05:30,122.75,125.75,117.3,117.85,13200
1743049200,2025-03-27 09:50:00+05:30,118.05,126.9,115.95,126.05,16650
1743049500,2025-03-27 09:55:00+05:30,126.05,133.35,125.3,133.25,16425
1743049800,2025-03-27 10:00:00+05:30,133.25,136.35,131.0,136.0,14325
1743050100,2025-03-27 10:05:00+05:30,136.0,145.5,134.65,143.5,14250
1743050400,2025-03-27 10:10:00+05:30,144.0,147.75,143.15,144.4,20325
1743050700,2025-03-27 10:15:00+05:30,144.25,147.7,137.65,138.4,30450
1743051000,2025-03-27 10:20:00+05:30,138.4,146.85,138.4,145.85,7125
1743051300,2025-03-27 10:25:00+05:30,145.85,146.85,142.15,146.55,5250
1743051600,2025-03-27 10:30:00+05:30,146.55,150.9,140.75,143.1,6000
1743051900,2025-03-27 10:35:00+05:30,142.25,142.25,137.0,137.55,6600
1743052200,2025-03-27 10:40:00+05:30,137.55,141.85,135.8,139.3,4875
1743052500,2025-03-27 10:45:00+05:30,138.95,140.35,135.6,136.05,3075
1743052800,2025-03-27 10:50:00+05:30,136.0,136.5,129.6,133.15,11175
1743053100,2025-03-27 10:55:00+05:30,133.15,137.6,132.6,137.6,5175
1743053400,2025-03-27 11:00:00+05:30,137.6,142.0,137.6,141.0,11625
1743053700,2025-03-27 11:05:00+05:30,141.0,143.0,140.1,142.0,3300
1743054000,2025-03-27 11:10:00+05:30,142.25,143.25,140.45,143.1,6750
1743054300,2025-03-27 11:15:00+05:30,143.15,147.15,140.75,140.75,6075
1743054600,2025-03-27 11:20:00+05:30,140.75,140.75,136.35,137.25,2250
1743054900,2025-03-27 11:25:00+05:30,137.25,137.3,135.15,135.3,4500
1743055200,2025-03-27 11:30:00+05:30,135.3,137.25,135.15,137.25,4350
1743055500,2025-03-27 11:35:00+05:30,137.2,137.95,136.3,137.0,6000
1743055800,2025-03-27 11:40:00+05:30,137.0,139.7,136.8,139.2,3825
1743056100,2025-03-27 11:45:00+05:30,139.2,140.75,139.05,140.75,4275
1743056400,2025-03-27 11:50:00+05:30,140.75,141.1,138.05,138.05,1725
1743056700,2025-03-27 11:55:00+05:30,138.05,138.25,135.7,135.7,2550
1743057000,2025-03-27 12:00:00+05:30,135.7,136.3,132.95,133.45,3225
1743057300,2025-03-27 12:05:00+05:30,133.45,135.35,133.45,135.3,2025
1743057600,2025-03-27 12:10:00+05:30,135.55,136.95,134.75,136.85,5850
1743057900,2025-03-27 12:15:00+05:30,136.85,137.25,133.35,133.35,2175
1743058200,2025-03-27 12:20:00+05:30,132.8,133.7,132.45,133.6,3600
1743058500,2025-03-27 12:25:00+05:30,133.6,133.6,132.0,132.0,1650
1743058800,2025-03-27 12:30:00+05:30,132.0,132.0,127.0,127.5,4275
1743059100,2025-03-27 12:35:00+05:30,127.5,132.4,126.65,132.4,7725
1743059400,2025-03-27 12:40:00+05:30,132.4,132.85,130.7,131.0,4350
1743059700,2025-03-27 12:45:00+05:30,130.75,133.6,130.75,133.6,23175
1743060000,2025-03-27 12:50:00+05:30,133.0,133.65,130.05,130.25,12075
1743060300,2025-03-27 12:55:00+05:30,130.25,130.95,129.35,130.95,11550
1743060600,2025-03-27 13:00:00+05:30,130.65,132.85,129.6,130.2,10800
1743060900,2025-03-27 13:05:00+05:30,130.2,130.55,128.95,129.3,6825
1743061200,2025-03-27 13:10:00+05:30,129.3,130.85,129.3,129.4,7125
1743061500,2025-03-27 13:15:00+05:30,129.4,130.05,126.9,128.5,4200
1743061800,2025-03-27 13:20:00+05:30,128.5,129.4,128.5,129.3,3900
1743062100,2025-03-27 13:25:00+05:30,129.3,131.4,129.05,130.85,4050
1743062400,2025-03-27 13:30:00+05:30,130.85,132.45,130.0,131.3,21675
1743062700,2025-03-27 13:35:00+05:30,131.3,131.55,129.6,129.9,2775
1743063000,2025-03-27 13:40:00+05:30,130.0,131.35,129.75,131.25,4875
1743063300,2025-03-27 13:45:00+05:30,131.6,132.6,129.9,131.4,6225
1743063600,2025-03-27 13:50:00+05:30,131.45,132.65,130.75,131.0,7950
1743063900,2025-03-27 13:55:00+05:30,130.9,132.95,130.3,130.65,4575
1743064200,2025-03-27 14:00:00+05:30,130.65,132.45,129.75,131.95,3525
1743064500,2025-03-27 14:05:00+05:30,131.95,133.5,131.85,133.15,7950
1743064800,2025-03-27 14:10:00+05:30,133.35,133.8,132.4,132.9,9000
1743065100,2025-03-27 14:15:00+05:30,132.9,133.65,131.55,132.9,9750
1743065400,2025-03-27 14:20:00+05:30,132.9,134.05,132.9,133.9,3900
1743065700,2025-03-27 14:25:00+05:30,133.9,135.0,133.5,134.0,9525
1743066000,2025-03-27 14:30:00+05:30,134.0,134.0,129.75,131.35,11850
1743066300,2025-03-27 14:35:00+05:30,131.35,132.5,130.35,131.75,6900
1743066600,2025-03-27 14:40:00+05:30,131.85,133.8,131.05,133.55,10950
1743066900,2025-03-27 14:45:00+05:30,133.55,135.45,133.55,134.95,8550
1743067200,2025-03-27 14:50:00+05:30,134.95,136.6,134.55,136.6,6675
1743067500,2025-03-27 14:55:00+05:30,136.65,140.45,136.65,137.1,12975
1743067800,2025-03-27 15:00:00+05:30,136.0,140.45,132.9,136.65,11325
1743068100,2025-03-27 15:05:00+05:30,136.65,136.8,134.8,135.25,7950
1743068400,2025-03-27 15:10:00+05:30,136.15,136.6,134.15,135.1,10050
1743068700,2025-03-27 15:15:00+05:30,134.4,136.0,134.4,136.0,10950
1743069000,2025-03-27 15:20:00+05:30,136.0,139.55,136.0,139.0,11400
1743069300,2025-03-27 15:25:00+05:30,139.35,149.2,138.55,149.2,31125
1743133500,2025-03-28 09:15:00+05:30,135.35,150.05,123.7,128.8,96750
1743133800,2025-03-28 09:20:00+05:30,128.8,129.2,112.8,113.0,33900
1743134100,2025-03-28 09:25:00+05:30,112.2,114.75,107.95,108.0,48825
1743134400,2025-03-28 09:30:00+05:30,108.0,108.0,97.1,97.1,83550
1743134700,2025-03-28 09:35:00+05:30,96.75,97.25,90.65,92.7,39150
1743135000,2025-03-28 09:40:00+05:30,92.75,95.8,91.6,93.5,55425
1743135300,2025-03-28 09:45:00+05:30,93.35,98.75,92.2,98.6,41025
1743135600,2025-03-28 09:50:00+05:30,98.95,103.15,97.1,101.75,50925
1743135900,2025-03-28 09:55:00+05:30,100.65,106.5,98.75,105.4,27975
1743136200,2025-03-28 10:00:00+05:30,105.05,106.85,101.0,106.65,16875
1743136500,2025-03-28 10:05:00+05:30,106.15,106.4,97.0,97.0,18750
1743136800,2025-03-28 10:10:00+05:30,97.4,99.5,95.65,97.6,20850
1743137100,2025-03-28 10:15:00+05:30,97.6,101.0,97.0,101.0,11325
1743137400,2025-03-28 10:20:00+05:30,101.05,102.2,97.4,98.8,26325
1743137700,2025-03-28 10:25:00+05:30,98.8,105.05,98.4,104.65,12225
1743138000,2025-03-28 10:30:00+05:30,105.6,125.65,105.25,124.6,75150
1743138300,2025-03-28 10:35:00+05:30,125.5,127.45,119.55,124.85,40725
1743138600,2025-03-28 10:40:00+05:30,123.45,125.25,118.9,119.1,19275
1743138900,2025-03-28 10:45:00+05:30,119.1,127.65,119.1,127.2,18450
1743139200,2025-03-28 10:50:00+05:30,127.35,131.65,123.75,125.0,20175
1743139500,2025-03-28 10:55:00+05:30,122.85,126.95,121.6,122.2,11325
1743139800,2025-03-28 11:00:00+05:30,123.3,125.0,118.6,118.6,9225
1743140100,2025-03-28 11:05:00+05:30,118.5,120.6,113.85,115.65,13050
1743140400,2025-03-28 11:10:00+05:30,115.5,118.1,107.75,108.35,10200
1743140700,2025-03-28 11:15:00+05:30,108.35,108.9,104.75,106.15,18225
1743141000,2025-03-28 11:20:00+05:30,106.1,111.05,105.0,105.45,22950
1743141300,2025-03-28 11:25:00+05:30,105.45,106.0,100.0,104.8,31275
1743141600,2025-03-28 11:30:00+05:30,104.4,108.75,101.85,102.0,16500
1743141900,2025-03-28 11:35:00+05:30,102.75,110.45,102.75,107.2,8025
1743142200,2025-03-28 11:40:00+05:30,106.95,107.25,100.35,101.15,26625
1743142500,2025-03-28 11:45:00+05:30,100.5,104.6,100.0,102.45,18075
1743142800,2025-03-28 11:50:00+05:30,102.45,105.0,101.45,104.7,10725
1743143100,2025-03-28 11:55:00+05:30,104.65,104.65,101.75,104.6,4350
1743143400,2025-03-28 12:00:00+05:30,104.6,106.0,102.6,104.5,18075
1743143700,2025-03-28 12:05:00+05:30,104.5,106.1,103.1,105.6,9825
1743144000,2025-03-28 12:10:00+05:30,106.15,106.85,104.6,104.6,4800
1743144300,2025-03-28 12:15:00+05:30,104.6,104.6,93.25,93.25,48450
1743144600,2025-03-28 12:20:00+05:30,93.8,94.35,90.2,90.8,71925
1743144900,2025-03-28 12:25:00+05:30,90.7,91.75,88.75,88.8,66525
1743145200,2025-03-28 12:30:00+05:30,88.1,89.25,83.75,84.0,55500
1743145500,2025-03-28 12:35:00+05:30,84.0,88.05,83.05,87.45,33750
1743145800,2025-03-28 12:40:00+05:30,87.45,88.0,85.4,86.65,37050
1743146100,2025-03-28 12:45:00+05:30,86.4,89.0,85.1,87.3,28500
1743146400,2025-03-28 12:50:00+05:30,87.3,88.8,85.85,87.6,33450
1743146700,2025-03-28 12:55:00+05:30,87.4,88.2,85.4,85.8,15900
1743147000,2025-03-28 13:00:00+05:30,85.3,86.2,78.4,78.8,29250
1743147300,2025-03-28 13:05:00+05:30,78.8,82.75,78.05,82.75,33375
1743147600,2025-03-28 13:10:00+05:30,82.75,83.4,80.4,81.0,8400
1743147900,2025-03-28 13:15:00+05:30,80.85,80.85,77.2,77.6,10200
1743148200,2025-03-28 13:20:00+05:30,77.7,80.75,77.45,80.7,9900
1743148500,2025-03-28 13:25:00+05:30,80.45,81.75,79.0,79.0,7725
1743148800,2025-03-28 13:30:00+05:30,79.05,84.0,78.75,84.0,12375
1743149100,2025-03-28 13:35:00+05:30,84.0,84.0,81.15,81.5,9225
1743149400,2025-03-28 13:40:00+05:30,81.35,81.35,76.65,77.3,15525
1743149700,2025-03-28 13:45:00+05:30,77.0,77.5,71.8,72.75,34650
1743150000,2025-03-28 13:50:00+05:30,72.75,74.4,71.8,73.2,22200
1743150300,2025-03-28 13:55:00+05:30,73.2,74.75,71.25,72.6,22650
1743150600,2025-03-28 14:00:00+05:30,72.6,73.0,70.0,70.8,15900
1743150900,2025-03-28 14:05:00+05:30,70.8,74.95,70.4,74.5,22500
1743151200,2025-03-28 14:10:00+05:30,74.5,76.9,74.15,76.8,16725
1743151500,2025-03-28 14:15:00+05:30,76.8,79.15,75.7,78.7,13350
1743151800,2025-03-28 14:20:00+05:30,78.55,81.3,75.8,80.7,48300
1743152100,2025-03-28 14:25:00+05:30,80.65,86.55,79.55,86.55,32625
1743152400,2025-03-28 14:30:00+05:30,86.55,88.8,81.8,82.55,25200
1743152700,2025-03-28 14:35:00+05:30,82.55,87.65,82.55,86.4,15450
1743153000,2025-03-28 14:40:00+05:30,86.4,92.65,86.4,92.65,18300
1743153300,2025-03-28 14:45:00+05:30,92.8,94.0,88.0,89.15,19650
1743153600,2025-03-28 14:50:00+05:30,90.0,94.75,89.9,91.35,19050
1743153900,2025-03-28 14:55:00+05:30,91.2,93.0,89.1,89.65,11025
1743154200,2025-03-28 15:00:00+05:30,89.8,89.8,79.65,82.0,19425
1743154500,2025-03-28 15:05:00+05:30,81.8,84.6,80.85,84.6,32850
1743154800,2025-03-28 15:10:00+05:30,84.4,88.35,83.45,87.55,23625
1743155100,2025-03-28 15:15:00+05:30,87.55,87.8,79.95,79.95,29925
1743155400,2025-03-28 15:20:00+05:30,80.0,82.6,79.25,80.55,31800
1743155700,2025-03-28 15:25:00+05:30,80.55,82.85,78.85,81.35,42300
1743479100,2025-04-01 09:15:00+05:30,70.0,70.0,55.15,62.15,123900
1743479400,2025-04-01 09:20:00+05:30,61.65,66.95,60.45,64.0,80925
1743479700,2025-04-01 09:25:00+05:30,64.0,69.2,62.7,68.45,40425
1743480000,2025-04-01 09:30:00+05:30,68.45,75.0,66.8,75.0,107025
1743480300,2025-04-01 09:35:00+05:30,75.0,78.4,72.75,78.4,37650
1743480600,2025-04-01 09:40:00+05:30,79.0,86.0,78.2,81.3,30900
1743480900,2025-04-01 09:45:00+05:30,81.4,82.4,76.25,81.05,23100
1743481200,2025-04-01 09:50:00+05:30,81.05,81.25,74.2,78.9,23100
1743481500,2025-04-01 09:55:00+05:30,79.55,79.55,74.35,76.75,13725
1743481800,2025-04-01 10:00:00+05:30,77.0,78.0,67.9,69.0,35550
1743482100,2025-04-01 10:05:00+05:30,69.2,71.75,67.5,67.7,19425
1743482400,2025-04-01 10:10:00+05:30,67.55,68.9,64.8,65.1,15150
1743482700,2025-04-01 10:15:00+05:30,64.6,70.75,64.4,70.45,14775
1743483000,2025-04-01 10:20:00+05:30,70.45,70.45,56.7,56.7,32925
1743483300,2025-04-01 10:25:00+05:30,56.8,58.0,51.0,51.25,99900
1743483600,2025-04-01 10:30:00+05:30,50.95,52.4,49.0,49.65,51750
1743483900,2025-04-01 10:35:00+05:30,49.65,52.4,49.5,51.7,47325
1743484200,2025-04-01 10:40:00+05:30,51.55,52.85,50.3,52.45,56175
1743484500,2025-04-01 10:45:00+05:30,52.15,54.3,51.9,52.0,33975
1743484800,2025-04-01 10:50:00+05:30,51.65,53.25,50.5,52.75,49275
1743485100,2025-04-01 10:55:00+05:30,52.8,53.05,47.0,47.8,54000
1743485400,2025-04-01 11:00:00+05:30,47.75,47.95,44.85,44.85,107550
1743485700,2025-04-01 11:05:00+05:30,44.8,46.5,44.75,44.9,114750
1743486000,2025-04-01 11:10:00+05:30,45.05,45.7,44.25,44.4,45150
1743486300,2025-04-01 11:15:00+05:30,44.4,46.5,44.35,44.7,36975
1743486600,2025-04-01 11:20:00+05:30,44.7,45.95,44.15,45.0,20250
1743486900,2025-04-01 11:25:00+05:30,45.0,45.05,43.3,44.65,48150
1743487200,2025-04-01 11:30:00+05:30,44.35,44.65,42.05,42.1,66000
1743487500,2025-04-01 11:35:00+05:30,42.45,42.9,40.8,41.25,38100
1743487800,2025-04-01 11:40:00+05:30,41.0,41.75,40.0,40.3,37650
1743488100,2025-04-01 11:45:00+05:30,40.3,43.2,40.0,42.85,42450
1743488400,2025-04-01 11:50:00+05:30,42.45,42.8,40.95,40.95,15675
1743488700,2025-04-01 11:55:00+05:30,40.95,42.2,40.25,41.0,15750
1743489000,2025-04-01 12:00:00+05:30,41.4,41.8,39.75,39.85,28125
1743489300,2025-04-01 12:05:00+05:30,39.85,41.0,39.85,41.0,8325
1743489600,2025-04-01 12:10:00+05:30,41.35,42.9,41.25,42.35,13575
1743489900,2025-04-01 12:15:00+05:30,42.35,45.2,42.15,44.35,25575
1743490200,2025-04-01 12:20:00+05:30,44.35,44.55,41.5,42.1,12750
1743490500,2025-04-01 12:25:00+05:30,42.1,43.4,41.45,41.75,7275
1743490800,2025-04-01 12:30:00+05:30,41.55,44.55,41.5,43.55,8400
1743491100,2025-04-01 12:35:00+05:30,43.15,44.7,42.1,44.1,12525
1743491400,2025-04-01 12:40:00+05:30,44.0,44.0,42.0,42.2,17025
1743491700,2025-04-01 12:45:00+05:30,42.2,42.45,41.1,41.8,7800
1743492000,2025-04-01 12:50:00+05:30,41.95,42.45,40.65,40.85,5100
1743492300,2025-04-01 12:55:00+05:30,41.2,41.25,40.05,40.6,9525
1743492600,2025-04-01 13:00:00+05:30,40.45,40.6,39.2,39.3,15675
1743492900,2025-04-01 13:05:00+05:30,39.5,40.05,39.35,39.7,12375
1743493200,2025-04-01 13:10:00+05:30,39.75,40.4,39.5,40.2,18000
1743493500,2025-04-01 13:15:00+05:30,40.5,40.5,37.9,38.7,50775
1743493800,2025-04-01 13:20:00+05:30,38.7,39.0,37.45,38.8,22875
1743494100,2025-04-01 13:25:00+05:30,38.8,38.95,38.0,38.2,34800
1743494400,2025-04-01 13:30:00+05:30,38.2,39.1,37.15,38.75,23475
1743494700,2025-04-01 13:35:00+05:30,38.75,39.3,38.3,38.8,21300
1743495000,2025-04-01 13:40:00+05:30,38.85,39.85,38.6,38.85,34050
1743495300,2025-04-01 13:45:00+05:30,38.85,38.85,37.0,37.6,16725
1743495600,2025-04-01 13:50:00+05:30,37.65,38.8,37.65,38.8,23175
1743495900,2025-04-01 13:55:00+05:30,38.8,39.1,37.4,37.7,10200
1743496200,2025-04-01 14:00:00+05:30,37.7,39.35,37.35,39.25,8475
1743496500,2025-04-01 14:05:00+05:30,39.15,39.15,36.65,37.65,15750
1743496800,2025-04-01 14:10:00+05:30,37.05,38.0,36.8,37.75,10125
1743497100,2025-04-01 14:15:00+05:30,37.65,37.75,36.15,37.0,13725
1743497400,2025-04-01 14:20:00+05:30,37.0,37.0,36.05,36.65,18975
1743497700,2025-04-01 14:25:00+05:30,36.65,37.0,36.35,37.0,5700
1743498000,2025-04-01 14:30:00+05:30,37.2,38.0,36.25,36.4,26775
1743498300,2025-04-01 14:35:00+05:30,36.05,36.75,35.9,36.45,6900
1743498600,2025-04-01 14:40:00+05:30,36.3,36.6,35.5,36.45,17025
1743498900,2025-04-01 14:45:00+05:30,36.55,36.7,36.0,36.6,17100
1743499200,2025-04-01 14:50:00+05:30,36.6,37.2,36.4,36.4,24450
1743499500,2025-04-01 14:55:00+05:30,36.4,36.9,36.05,36.75,6975
1743499800,2025-04-01 15:00:00+05:30,36.75,38.45,36.7,37.95,18675
1743500100,2025-04-01 15:05:00+05:30,38.05,39.3,37.9,39.3,8400
1743500400,2025-04-01 15:10:00+05:30,39.3,40.0,39.1,39.6,29250
1743500700,2025-04-01 15:15:00+05:30,39.6,39.9,38.4,38.9,19875
1743501000,2025-04-01 15:20:00+05:30,39.0,39.3,37.95,38.55,17700
1743501300,2025-04-01 15:25:00+05:30,38.55,39.4,37.35,37.85,22125
1743565500,2025-04-02 09:15:00+05:30,39.2,41.05,38.6,40.0,46500
1743565800,2025-04-02 09:20:00+05:30,39.85,40.05,37.7,38.2,20400
1743566100,2025-04-02 09:25:00+05:30,38.35,42.35,38.35,41.75,24900
1743566400,2025-04-02 09:30:00+05:30,42.2,45.5,42.2,44.8,24450
1743566700,2025-04-02 09:35:00+05:30,44.8,46.0,42.4,44.85,26250
1743567000,2025-04-02 09:40:00+05:30,44.85,45.05,40.2,40.4,21225
1743567300,2025-04-02 09:45:00+05:30,40.4,40.6,36.25,38.4,36000
1743567600,2025-04-02 09:50:00+05:30,38.25,38.8,36.45,37.9,18225
1743567900,2025-04-02 09:55:00+05:30,37.9,43.0,37.7,41.8,66900
1743568200,2025-04-02 10:00:00+05:30,41.9,41.9,38.85,39.3,17325
1743568500,2025-04-02 10:05:00+05:30,39.35,39.9,37.8,38.7,7050
1743568800,2025-04-02 10:10:00+05:30,38.7,40.35,38.4,38.4,7575
1743569100,2025-04-02 10:15:00+05:30,38.4,40.25,37.8,40.25,7125
1743569400,2025-04-02 10:20:00+05:30,40.25,40.7,37.8,38.6,13125
1743569700,2025-04-02 10:25:00+05:30,38.6,40.85,38.6,40.65,12300
1743570000,2025-04-02 10:30:00+05:30,40.6,40.6,38.6,40.45,14325
1743570300,2025-04-02 10:35:00+05:30,40.45,40.65,38.2,39.8,9075
1743570600,2025-04-02 10:40:00+05:30,39.8,42.0,39.5,39.7,15450
1743570900,2025-04-02 10:45:00+05:30,39.7,41.55,39.7,41.45,11100
1743571200,2025-04-02 10:50:00+05:30,41.5,43.85,41.3,42.5,13275
1743571500,2025-04-02 10:55:00+05:30,42.9,43.05,40.9,42.0,7350
1743571800,2025-04-02 11:00:00+05:30,42.0,44.55,41.25,41.7,18150
1743572100,2025-04-02 11:05:00+05:30,42.0,42.5,41.35,41.85,12225
1743572400,2025-04-02 11:10:00+05:30,42.0,43.3,41.95,42.45,9450
1743572700,2025-04-02 11:15:00+05:30,42.45,42.85,39.85,40.8,9300
1743573000,2025-04-02 11:20:00+05:30,40.8,42.2,40.7,41.7,5250
1743573300,2025-04-02 11:25:00+05:30,41.7,41.7,39.9,40.0,5325
1743573600,2025-04-02 11:30:00+05:30,40.0,42.0,40.0,41.4,3300
1743573900,2025-04-02 11:35:00+05:30,41.55,43.0,41.4,41.9,16425
1743574200,2025-04-02 11:40:00+05:30,41.9,41.9,37.8,38.55,11625
1743574500,2025-04-02 11:45:00+05:30,38.5,41.0,38.3,40.8,11100
1743574800,2025-04-02 11:50:00+05:30,40.85,40.85,39.45,39.65,3825
1743575100,2025-04-02 11:55:00+05:30,39.65,40.85,39.55,39.9,2775
1743575400,2025-04-02 12:00:00+05:30,39.9,40.7,39.2,40.7,3975
1743575700,2025-04-02 12:05:00+05:30,40.7,41.15,40.35,40.95,1500
1743576000,2025-04-02 12:10:00+05:30,40.95,42.2,40.85,41.7,8700
1743576300,2025-04-02 12:15:00+05:30,41.7,42.8,41.6,42.65,8025
1743576600,2025-04-02 12:20:00+05:30,42.65,42.75,41.9,42.45,8325
1743576900,2025-04-02 12:25:00+05:30,42.3,43.35,40.5,40.5,21600
1743577200,2025-04-02 12:30:00+05:30,40.5,42.85,40.5,41.55,6600
1743577500,2025-04-02 12:35:00+05:30,41.55,41.55,40.5,41.05,3750
1743577800,2025-04-02 12:40:00+05:30,41.05,42.25,41.05,41.6,5700
1743578100,2025-04-02 12:45:00+05:30,41.65,42.5,41.3,42.1,4500
1743578400,2025-04-02 12:50:00+05:30,42.1,42.1,39.85,39.95,6150
1743578700,2025-04-02 12:55:00+05:30,39.8,40.15,39.1,39.45,6150
1743579000,2025-04-02 13:00:00+05:30,39.45,40.65,39.45,40.65,5775
1743579300,2025-04-02 13:05:00+05:30,40.65,41.1,40.3,40.7,15375
1743579600,2025-04-02 13:10:00+05:30,40.75,41.1,40.3,40.8,5550
1743579900,2025-04-02 13:15:00+05:30,41.55,42.0,41.15,41.6,4050
1743580200,2025-04-02 13:20:00+05:30,41.6,42.1,40.85,40.85,7725
1743580500,2025-04-02 13:25:00+05:30,40.85,42.35,40.85,41.85,12825
1743580800,2025-04-02 13:30:00+05:30,41.85,42.45,41.35,42.25,8775
1743581100,2025-04-02 13:35:00+05:30,42.25,42.25,39.9,39.9,22350
1743581400,2025-04-02 13:40:00+05:30,39.95,40.05,38.95,39.3,37275
1743581700,2025-04-02 13:45:00+05:30,39.3,39.95,39.0,39.0,8925
1743582000,2025-04-02 13:50:00+05:30,39.05,39.65,38.5,38.5,10425
1743582300,2025-04-02 13:55:00+05:30,38.5,41.0,38.5,40.15,12675
1743582600,2025-04-02 14:00:00+05:30,40.15,40.5,40.15,40.4,1725
1743582900,2025-04-02 14:05:00+05:30,40.4,40.55,39.5,40.1,1500
1743583200,2025-04-02 14:10:00+05:30,40.1,40.15,39.4,39.8,4275
1743583500,2025-04-02 14:15:00+05:30,39.8,41.0,39.8,40.9,3675
1743583800,2025-04-02 14:20:00+05:30,40.9,40.9,40.4,40.65,8550
1743584100,2025-04-02 14:25:00+05:30,40.65,41.0,39.9,40.1,19350
1743584400,2025-04-02 14:30:00+05:30,40.1,40.25,39.4,40.1,5100
1743584700,2025-04-02 14:35:00+05:30,40.0,40.8,39.7,39.75,12450
1743585000,2025-04-02 14:40:00+05:30,39.75,41.4,39.75,41.1,13875
1743585300,2025-04-02 14:45:00+05:30,41.1,41.5,40.6,40.95,9975
1743585600,2025-04-02 14:50:00+05:30,40.95,41.35,40.55,41.1,6075
1743585900,2025-04-02 14:55:00+05:30,41.35,42.55,41.3,42.2,5925
1743586200,2025-04-02 15:00:00+05:30,42.25,46.85,42.15,46.45,17925
1743586500,2025-04-02 15:05:00+05:30,46.15,48.0,46.0,47.85,30000
1743586800,2025-04-02 15:10:00+05:30,47.45,48.8,47.45,48.7,9900
1743587100,2025-04-02 15:15:00+05:30,48.8,49.3,47.95,48.7,48150
1743587400,2025-04-02 15:20:00+05:30,48.7,49.1,48.4,48.8,18000
1743587700,2025-04-02 15:25:00+05:30,48.55,49.85,48.15,49.6,26550
1743651900,2025-04-03 09:15:00+05:30,36.0,40.25,31.85,32.5,196050
1743652200,2025-04-03 09:20:00+05:30,32.5,36.3,32.25,34.0,61425
1743652500,2025-04-03 09:25:00+05:30,34.05,35.75,33.9,34.65,35175
1743652800,2025-04-03 09:30:00+05:30,34.65,35.05,31.35,34.45,49125
1743653100,2025-04-03 09:35:00+05:30,33.95,34.9,32.9,33.6,39825
1743653400,2025-04-03 09:40:00+05:30,33.55,34.4,32.7,32.95,16875
1743653700,2025-04-03 09:45:00+05:30,32.95,32.95,31.3,31.75,25050
1743654000,2025-04-03 09:50:00+05:30,31.75,33.25,31.1,32.35,19050
1743654300,2025-04-03 09:55:00+05:30,32.35,32.9,31.05,31.4,30300
1743654600,2025-04-03 10:00:00+05:30,31.25,32.0,30.0,31.9,27450
1743654900,2025-04-03 10:05:00+05:30,32.1,33.15,31.6,32.9,26325
1743655200,2025-04-03 10:10:00+05:30,32.95,33.2,31.65,31.9,29775
1743655500,2025-04-03 10:15:00+05:30,31.9,32.2,29.9,31.0,27150
1743655800,2025-04-03 10:20:00+05:30,30.95,35.25,30.75,35.0,48150
1743656100,2025-04-03 10:25:00+05:30,35.2,35.25,33.8,33.9,36300
1743656400,2025-04-03 10:30:00+05:30,33.9,34.8,33.15,34.5,24375
1743656700,2025-04-03 10:35:00+05:30,34.4,34.75,33.9,34.75,10500
1743657000,2025-04-03 10:40:00+05:30,34.55,35.3,33.95,34.6,13800
1743657300,2025-04-03 10:45:00+05:30,34.6,34.7,33.45,33.5,17250
1743657600,2025-04-03 10:50:00+05:30,34.0,34.25,32.85,33.4,28575
1743657900,2025-04-03 10:55:00+05:30,33.35,34.2,33.35,34.15,53625
1743658200,2025-04-03 11:00:00+05:30,34.15,34.25,32.1,32.15,23025
1743658500,2025-04-03 11:05:00+05:30,32.15,32.9,31.85,32.4,34650
1743658800,2025-04-03 11:10:00+05:30,32.4,33.1,31.75,32.4,36750
1743659100,2025-04-03 11:15:00+05:30,32.4,32.65,30.55,30.55,24900
1743659400,2025-04-03 11:20:00+05:30,30.55,31.25,30.35,31.25,11025
1743659700,2025-04-03 11:25:00+05:30,31.25,31.3,30.85,31.2,9375
1743660000,2025-04-03 11:30:00+05:30,31.2,31.75,31.15,31.2,7425
1743660300,2025-04-03 11:35:00+05:30,31.35,31.75,31.3,31.35,2100
1743660600,2025-04-03 11:40:00+05:30,31.35,31.95,31.2,31.8,5850
1743660900,2025-04-03 11:45:00+05:30,31.8,32.15,31.7,32.0,12300
1743661200,2025-04-03 11:50:00+05:30,32.0,32.25,31.6,32.0,15825
1743661500,2025-04-03 11:55:00+05:30,32.0,32.1,31.8,31.95,7725
1743661800,2025-04-03 12:00:00+05:30,31.85,32.0,31.8,32.0,14250
1743662100,2025-04-03 12:05:00+05:30,32.0,32.1,31.5,31.5,12975
1743662400,2025-04-03 12:10:00+05:30,31.5,31.65,30.2,30.4,23100
1743662700,2025-04-03 12:15:00+05:30,30.4,30.8,30.0,30.8,22500
1743663000,2025-04-03 12:20:00+05:30,30.8,30.8,30.0,30.0,6150
1743663300,2025-04-03 12:25:00+05:30,30.0,30.1,29.5,29.6,13800
1743663600,2025-04-03 12:30:00+05:30,29.6,29.9,29.2,29.5,14025
1743663900,2025-04-03 12:35:00+05:30,29.5,29.9,29.5,29.8,3000
1743664200,2025-04-03 12:40:00+05:30,29.8,29.9,29.2,29.3,11325
1743664500,2025-04-03 12:45:00+05:30,29.3,29.3,28.35,28.35,6000
1743664800,2025-04-03 12:50:00+05:30,28.35,29.8,28.35,29.75,11100
1743665100,2025-04-03 12:55:00+05:30,29.9,30.0,29.7,29.95,3000
1743665400,2025-04-03 13:00:00+05:30,29.95,30.3,29.4,29.5,5175
1743665700,2025-04-03 13:05:00+05:30,29.4,29.4,29.0,29.0,2925
1743666000,2025-04-03 13:10:00+05:30,29.0,29.2,28.9,28.9,16875
1743666300,2025-04-03 13:15:00+05:30,28.9,29.3,28.9,29.25,5475
1743666600,2025-04-03 13:20:00+05:30,29.25,29.25,29.0,29.1,2475
1743666900,2025-04-03 13:25:00+05:30,29.1,29.4,29.1,29.4,2100
1743667200,2025-04-03 13:30:00+05:30,29.4,29.85,29.4,29.7,5400
1743667500,2025-04-03 13:35:00+05:30,29.7,30.5,29.7,30.35,12750
1743667800,2025-04-03 13:40:00+05:30,30.35,30.5,29.8,29.8,32775
1743668100,2025-04-03 13:45:00+05:30,29.8,30.6,29.8,30.6,2400
1743668400,2025-04-03 13:50:00+05:30,30.6,30.6,30.15,30.3,11025
1743668700,2025-04-03 13:55:00+05:30,30.3,30.3,29.75,30.0,3150
1743669000,2025-04-03 14:00:00+05:30,30.0,30.9,29.85,30.9,8550
1743669300,2025-04-03 14:05:00+05:30,30.9,31.05,30.7,31.05,2100
1743669600,2025-04-03 14:10:00+05:30,31.1,31.2,30.35,30.45,3975
1743669900,2025-04-03 14:15:00+05:30,30.45,30.65,30.05,30.65,4800
1743670200,2025-04-03 14:20:00+05:30,30.65,30.95,30.6,30.9,3675
1743670500,2025-04-03 14:25:00+05:30,30.9,31.0,30.6,30.7,2250
1743670800,2025-04-03 14:30:00+05:30,30.8,30.8,30.05,30.15,3825
1743671100,2025-04-03 14:35:00+05:30,30.15,30.25,30.0,30.0,5100
1743671400,2025-04-03 14:40:00+05:30,30.0,30.0,29.25,29.4,9825
1743671700,2025-04-03 14:45:00+05:30,29.3,29.65,29.15,29.65,12675
1743672000,2025-04-03 14:50:00+05:30,29.65,29.65,29.3,29.65,12075
1743672300,2025-04-03 14:55:00+05:30,29.4,29.7,29.4,29.55,9450
1743672600,2025-04-03 15:00:00+05:30,29.55,29.85,29.35,29.55,32625
1743672900,2025-04-03 15:05:00+05:30,29.45,29.7,29.25,29.25,30900
1743673200,2025-04-03 15:10:00+05:30,29.6,29.65,28.55,29.35,94050
1743673500,2025-04-03 15:15:00+05:30,29.5,29.5,28.85,29.0,32850
1743673800,2025-04-03 15:20:00+05:30,29.0,29.1,28.4,28.9,24300
1743674100,2025-04-03 15:25:00+05:30,29.1,29.4,27.7,28.7,53925
1743738300,2025-04-04 09:15:00+05:30,26.1,28.35,20.05,20.05,175350
1743738600,2025-04-04 09:20:00+05:30,20.2,20.5,17.7,17.75,195300
1743738900,2025-04-04 09:25:00+05:30,17.85,18.4,17.65,18.1,125250
1743739200,2025-04-04 09:30:00+05:30,18.05,19.6,17.5,19.5,68700
1743739500,2025-04-04 09:35:00+05:30,19.35,21.05,18.85,19.85,108750
1743739800,2025-04-04 09:40:00+05:30,19.7,19.8,17.3,17.9,61800
1743740100,2025-04-04 09:45:00+05:30,18.0,18.05,17.2,17.4,105975
1743740400,2025-04-04 09:50:00+05:30,17.2,17.2,15.55,15.6,136725
1743740700,2025-04-04 09:55:00+05:30,15.6,15.7,14.95,15.25,65400
1743741000,2025-04-04 10:00:00+05:30,15.25,15.3,14.0,14.25,82650
1743741300,2025-04-04 10:05:00+05:30,14.1,14.7,14.1,14.25,70425
1743741600,2025-04-04 10:10:00+05:30,14.25,14.9,13.25,13.45,123525
1743741900,2025-04-04 10:15:00+05:30,13.35,14.1,13.25,14.05,106950
1743742200,2025-04-04 10:20:00+05:30,14.0,14.1,13.5,13.6,63900
1743742500,2025-04-04 10:25:00+05:30,13.65,14.05,13.6,13.75,53850
1743742800,2025-04-04 10:30:00+05:30,13.8,13.9,13.45,13.65,37050
1743743100,2025-04-04 10:35:00+05:30,13.6,13.85,13.55,13.7,23850
1743743400,2025-04-04 10:40:00+05:30,13.85,14.2,13.75,13.8,33150
1743743700,2025-04-04 10:45:00+05:30,13.8,14.2,13.75,14.2,50400
1743744000,2025-04-04 10:50:00+05:30,14.2,14.45,13.95,14.2,26850
1743744300,2025-04-04 10:55:00+05:30,14.2,14.5,14.05,14.35,9375
1743744600,2025-04-04 11:00:00+05:30,14.35,14.85,14.3,14.5,6675
1743744900,2025-04-04 11:05:00+05:30,14.6,15.2,14.05,15.05,10875
1743745200,2025-04-04 11:10:00+05:30,15.05,15.5,14.5,14.75,13875
1743745500,2025-04-04 11:15:00+05:30,14.7,14.75,13.9,14.3,19500
1743745800,2025-04-04 11:20:00+05:30,14.3,14.5,13.95,13.95,9525
1743746100,2025-04-04 11:25:00+05:30,13.95,14.4,13.9,14.15,12225
1743746400,2025-04-04 11:30:00+05:30,14.15,14.65,14.05,14.55,12150
1743746700,2025-04-04 11:35:00+05:30,14.55,14.55,13.8,13.9,11250
1743747000,2025-04-04 11:40:00+05:30,13.8,14.05,13.6,13.8,11400
1743747300,2025-04-04 11:45:00+05:30,13.8,13.8,13.3,13.6,30825
1743747600,2025-04-04 11:50:00+05:30,13.6,13.7,13.15,13.4,18225
1743747900,2025-04-04 11:55:00+05:30,13.4,13.65,13.1,13.35,14100
1743748200,2025-04-04 12:00:00+05:30,13.35,13.4,12.8,13.05,29400
1743748500,2025-04-04 12:05:00+05:30,13.05,13.15,12.8,12.9,21675
1743748800,2025-04-04 12:10:00+05:30,13.0,13.3,12.9,13.0,8025
1743749100,2025-04-04 12:15:00+05:30,13.05,13.15,12.9,13.15,10350
1743749400,2025-04-04 12:20:00+05:30,13.15,13.3,12.85,13.05,14775
1743749700,2025-04-04 12:25:00+05:30,12.95,13.15,12.55,12.55,9675
1743750000,2025-04-04 12:30:00+05:30,12.55,12.75,12.4,12.6,2025
1743750300,2025-04-04 12:35:00+05:30,12.6,12.8,12.5,12.55,25575
1743750600,2025-04-04 12:40:00+05:30,12.55,12.65,12.45,12.6,12300
1743750900,2025-04-04 12:45:00+05:30,12.55,12.6,12.25,12.4,12000
1743751200,2025-04-04 12:50:00+05:30,12.4,12.45,12.1,12.15,16875
1743751500,2025-04-04 12:55:00+05:30,12.15,12.2,11.9,12.1,38775
1743751800,2025-04-04 13:00:00+05:30,12.0,12.15,11.8,11.9,13200
1743752100,2025-04-04 13:05:00+05:30,11.85,12.1,11.75,11.95,13275
1743752400,2025-04-04 13:10:00+05:30,12.05,12.05,11.75,11.75,15975
1743752700,2025-04-04 13:15:00+05:30,11.75,11.85,11.65,11.75,3300
1743753000,2025-04-04 13:20:00+05:30,11.65,11.85,11.6,11.7,5625
1743753300,2025-04-04 13:25:00+05:30,11.7,11.8,11.4,11.55,35775
1743753600,2025-04-04 13:30:00+05:30,11.55,11.75,11.55,11.7,56475
1743753900,2025-04-04 13:35:00+05:30,11.6,11.75,11.5,11.75,40200
1743754200,2025-04-04 13:40:00+05:30,11.75,11.9,11.5,11.65,23250
1743754500,2025-04-04 13:45:00+05:30,11.65,12.15,11.55,12.0,33975
1743754800,2025-04-04 13:50:00+05:30,12.1,12.2,11.9,12.05,17925
1743755100,2025-04-04 13:55:00+05:30,12.05,12.15,11.95,12.1,13275
1743755400,2025-04-04 14:00:00+05:30,12.0,12.2,11.85,12.0,30225
1743755700,2025-04-04 14:05:00+05:30,12.0,12.1,11.85,12.05,20250
1743756000,2025-04-04 14:10:00+05:30,12.0,12.15,11.95,12.05,14625
1743756300,2025-04-04 14:15:00+05:30,12.1,12.25,12.05,12.05,13275
1743756600,2025-04-04 14:20:00+05:30,12.05,12.2,11.95,12.05,23100
1743756900,2025-04-04 14:25:00+05:30,12.0,12.05,11.8,11.85,10500
1743757200,2025-04-04 14:30:00+05:30,11.85,11.95,11.65,11.7,8175
1743757500,2025-04-04 14:35:00+05:30,11.7,11.7,11.45,11.5,22575
1743757800,2025-04-04 14:40:00+05:30,11.5,11.9,11.4,11.55,30300
1743758100,2025-04-04 14:45:00+05:30,11.55,11.55,11.1,11.2,20325
1743758400,2025-04-04 14:50:00+05:30,11.15,11.5,11.1,11.45,16500
1743758700,2025-04-04 14:55:00+05:30,11.45,11.55,11.25,11.35,23025
1743759000,2025-04-04 15:00:00+05:30,11.35,11.85,11.25,11.85,35850
1743759300,2025-04-04 15:05:00+05:30,11.8,12.0,11.7,12.0,31050
1743759600,2025-04-04 15:10:00+05:30,12.0,12.1,11.75,12.0,29100
1743759900,2025-04-04 15:15:00+05:30,12.0,12.05,11.6,12.0,44850
1743760200,2025-04-04 15:20:00+05:30,12.0,12.1,11.9,12.05,31875
1743760500,2025-04-04 15:25:00+05:30,12.05,12.3,11.85,12.3,68850
1743997500,2025-04-07 09:15:00+05:30,8.75,13.75,3.05,10.5,143175
1743997800,2025-04-07 09:20:00+05:30,10.5,11.1,9.9,9.9,14700
1743998100,2025-04-07 09:25:00+05:30,11.3,13.45,11.2,13.3,18150
1743998400,2025-04-07 09:30:00+05:30,13.2,22.0,13.05,15.85,61800
1743998700,2025-04-07 09:35:00+05:30,15.8,18.6,14.5,15.45,71400
1743999000,2025-04-07 09:40:00+05:30,15.6,16.9,14.45,15.75,64500
1743999300,2025-04-07 09:45:00+05:30,14.6,17.1,14.35,16.2,42825
1743999600,2025-04-07 09:50:00+05:30,17.15,17.3,15.45,15.5,83175
1743999900,2025-04-07 09:55:00+05:30,15.6,16.5,15.0,15.5,27375
1744000200,2025-04-07 10:00:00+05:30,16.0,16.5,15.15,15.7,20400
1744000500,2025-04-07 10:05:00+05:30,15.7,15.7,15.7,15.7,0
1744000800,2025-04-07 10:10:00+05:30,16.2,16.2,15.8,15.8,2250
1744001100,2025-04-07 10:15:00+05:30,14.9,15.0,14.75,15.0,3825
1744001400,2025-04-07 10:20:00+05:30,15.3,15.45,15.0,15.45,4875
1744001700,2025-04-07 10:25:00+05:30,15.3,16.2,15.3,16.2,9300
1744002000,2025-04-07 10:30:00+05:30,16.3,17.45,16.0,17.45,22425
1744002300,2025-04-07 10:35:00+05:30,17.7,19.25,17.55,18.9,28800
1744002600,2025-04-07 10:40:00+05:30,19.2,21.0,19.1,20.8,51975
1744002900,2025-04-07 10:45:00+05:30,22.15,24.0,21.45,22.5,71100
1744003200,2025-04-07 10:50:00+05:30,23.9,25.95,22.25,22.95,159450
1744003500,2025-04-07 10:55:00+05:30,22.8,24.55,22.05,22.05,105675
1744003800,2025-04-07 11:00:00+05:30,22.3,24.65,22.1,24.65,84600
1744004100,2025-04-07 11:05:00+05:30,24.75,24.9,24.65,24.8,975
1744004400,2025-04-07 11:10:00+05:30,24.7,24.7,23.75,23.8,25950
1744004700,2025-04-07 11:15:00+05:30,21.6,22.05,21.6,22.0,12000
1744005000,2025-04-07 11:20:00+05:30,21.6,21.85,21.4,21.4,5175
1744005300,2025-04-07 11:25:00+05:30,25.0,25.0,22.6,23.15,22275
1744005600,2025-04-07 11:30:00+05:30,23.2,23.4,22.1,22.8,56850
1744005900,2025-04-07 11:35:00+05:30,22.75,25.0,22.55,24.35,49425
1744006200,2025-04-07 11:40:00+05:30,24.1,24.1,20.55,20.8,44250
1744006500,2025-04-07 11:45:00+05:30,19.8,21.1,19.35,20.85,36450
1744006800,2025-04-07 11:50:00+05:30,20.85,20.85,20.85,20.85,0
1744007100,2025-04-07 11:55:00+05:30,22.25,22.4,22.05,22.05,1800
1744007400,2025-04-07 12:00:00+05:30,22.6,23.25,22.6,23.05,11625
1744007700,2025-04-07 12:05:00+05:30,22.6,23.35,21.75,22.4,36600
1744008000,2025-04-07 12:10:00+05:30,21.4,22.9,21.25,22.8,17850
1744008300,2025-04-07 12:15:00+05:30,22.1,24.25,21.5,22.65,39225
1744008600,2025-04-07 12:20:00+05:30,21.75,23.65,21.55,23.5,178350
1744008900,2025-04-07 12:25:00+05:30,25.95,26.9,21.65,24.05,241200
1744009200,2025-04-07 12:30:00+05:30,24.1,24.9,22.8,23.6,88875
1744009500,2025-04-07 12:35:00+05:30,23.65,23.7,21.05,22.7,43725
1744009800,2025-04-07 12:40:00+05:30,22.55,23.2,22.25,22.75,28125
1744010100,2025-04-07 12:45:00+05:30,22.8,23.1,22.8,22.8,2250
1744010400,2025-04-07 12:50:00+05:30,20.8,20.9,20.7,20.9,1725
1744010700,2025-04-07 12:55:00+05:30,19.65,19.95,19.35,19.65,38775
1744011000,2025-04-07 13:00:00+05:30,19.3,19.45,19.05,19.15,7650
1744011300,2025-04-07 13:05:00+05:30,19.15,19.4,19.0,19.3,4875
1744011600,2025-04-07 13:10:00+05:30,19.3,19.35,18.7,18.95,67275
1744011900,2025-04-07 13:15:00+05:30,18.9,18.9,17.75,17.95,11475
1744012200,2025-04-07 13:20:00+05:30,17.75,18.0,17.6,17.85,7950
1744012500,2025-04-07 13:25:00+05:30,18.0,18.35,17.95,18.0,4050
1744012800,2025-04-07 13:30:00+05:30,17.9,18.15,16.05,16.75,24450
1744013100,2025-04-07 13:35:00+05:30,17.0,17.8,16.9,17.55,15225
1744013400,2025-04-07 13:40:00+05:30,17.55,17.8,17.55,17.8,975
1744013700,2025-04-07 13:45:00+05:30,18.05,18.8,18.05,18.55,5700
1744014000,2025-04-07 13:50:00+05:30,18.4,19.1,18.4,18.45,1575
1744014300,2025-04-07 13:55:00+05:30,19.1,19.1,17.5,17.65,6750
1744014600,2025-04-07 14:00:00+05:30,17.7,17.7,17.7,17.7,1050
1744014900,2025-04-07 14:05:00+05:30,17.75,18.0,17.3,17.55,5325
1744015200,2025-04-07 14:10:00+05:30,18.15,18.2,17.05,17.55,7650
1744015500,2025-04-07 14:15:00+05:30,18.25,18.25,17.45,17.8,5100
1744015800,2025-04-07 14:20:00+05:30,17.8,18.4,17.5,17.6,6675
1744016100,2025-04-07 14:25:00+05:30,17.35,18.55,17.35,18.55,9525
1744016400,2025-04-07 14:30:00+05:30,18.55,18.65,18.55,18.65,0
1744016700,2025-04-07 14:35:00+05:30,18.55,18.55,18.3,18.3,1725
1744017000,2025-04-07 14:40:00+05:30,18.25,18.45,18.0,18.3,48900
1744017300,2025-04-07 14:45:00+05:30,17.95,18.35,17.95,18.35,3675
1744017600,2025-04-07 14:50:00+05:30,18.65,19.35,18.65,19.35,7725
1744017900,2025-04-07 14:55:00+05:30,19.0,20.2,18.85,19.75,9375
1744018200,2025-04-07 15:00:00+05:30,19.45,19.85,18.1,18.95,18450
1744018500,2025-04-07 15:05:00+05:30,19.6,21.25,19.6,21.25,23625
1744018800,2025-04-07 15:10:00+05:30,21.05,21.9,18.65,20.3,30000
1744019100,2025-04-07 15:15:00+05:30,20.85,21.0,19.7,20.45,26550
1744019400,2025-04-07 15:20:00+05:30,20.45,20.45,20.45,20.45,0
1744019700,2025-04-07 15:25:00+05:30,21.05,21.05,20.35,20.4,8850
1744083900,2025-04-08 09:15:00+05:30,29.05,29.05,22.0,23.9,39450
1744084200,2025-04-08 09:20:00+05:30,24.65,26.0,22.0,22.45,34875
1744084500,2025-04-08 09:25:00+05:30,22.45,23.55,22.45,23.25,31275
1744084800,2025-04-08 09:30:00+05:30,23.3,23.9,21.65,21.95,27975
1744085100,2025-04-08 09:35:00+05:30,21.95,21.95,20.0,20.4,30000
1744085400,2025-04-08 09:40:00+05:30,20.45,21.0,20.3,20.65,17025
1744085700,2025-04-08 09:45:00+05:30,20.9,21.8,20.5,21.6,7875
1744086000,2025-04-08 09:50:00+05:30,20.8,21.2,19.75,19.95,5775
1744086300,2025-04-08 09:55:00+05:30,19.7,19.9,18.9,19.25,16275
1744086600,2025-04-08 10:00:00+05:30,19.25,19.75,18.95,19.2,34875
1744086900,2025-04-08 10:05:00+05:30,19.15,19.9,19.1,19.55,8625
1744087200,2025-04-08 10:10:00+05:30,19.6,20.1,19.05,19.05,10500
1744087500,2025-04-08 10:15:00+05:30,19.45,19.9,19.05,19.05,8700
1744087800,2025-04-08 10:20:00+05:30,19.05,19.55,18.7,19.35,19050
1744088100,2025-04-08 10:25:00+05:30,19.35,20.0,19.35,20.0,12825
1744088400,2025-04-08 10:30:00+05:30,19.9,19.9,18.9,18.9,6150
1744088700,2025-04-08 10:35:00+05:30,18.9,19.15,18.35,18.8,24675
1744089000,2025-04-08 10:40:00+05:30,19.65,19.65,18.6,18.75,21300
1744089300,2025-04-08 10:45:00+05:30,18.65,18.9,18.6,18.9,12225
1744089600,2025-04-08 10:50:00+05:30,19.0,20.2,18.9,20.1,4050
1744089900,2025-04-08 10:55:00+05:30,20.9,21.3,19.65,19.95,10125
1744090200,2025-04-08 11:00:00+05:30,21.2,21.2,20.35,21.0,7800
1744090500,2025-04-08 11:05:00+05:30,21.0,21.45,20.5,21.45,10050
1744090800,2025-04-08 11:10:00+05:30,22.25,22.75,21.3,22.25,14325
1744091100,2025-04-08 11:15:00+05:30,21.45,22.15,20.35,20.35,22275
1744091400,2025-04-08 11:20:00+05:30,20.4,20.4,20.4,20.4,75
1744091700,2025-04-08 11:25:00+05:30,21.0,21.1,20.7,21.1,2325
1744092000,2025-04-08 11:30:00+05:30,21.4,21.4,20.95,21.35,3825
1744092300,2025-04-08 11:35:00+05:30,21.25,21.5,21.2,21.5,2475
1744092600,2025-04-08 11:40:00+05:30,21.25,22.1,21.25,21.75,6075
1744092900,2025-04-08 11:45:00+05:30,21.7,22.8,21.65,22.05,14625
1744093200,2025-04-08 11:50:00+05:30,22.25,22.6,21.7,22.25,4125
1744093500,2025-04-08 11:55:00+05:30,22.25,22.25,22.25,22.25,75
1744093800,2025-04-08 12:00:00+05:30,22.65,22.8,22.65,22.8,225
1744094100,2025-04-08 12:05:00+05:30,21.95,22.4,21.85,21.9,2550
1744094400,2025-04-08 12:10:00+05:30,22.95,24.45,22.8,23.85,10875
1744094700,2025-04-08 12:15:00+05:30,24.85,24.9,23.45,23.65,5700
1744095000,2025-04-08 12:20:00+05:30,23.1,24.2,23.1,23.35,9600
1744095300,2025-04-08 12:25:00+05:30,23.75,24.9,23.55,24.3,28350
1744095600,2025-04-08 12:30:00+05:30,24.3,24.45,24.3,24.45,3000
1744095900,2025-04-08 12:35:00+05:30,24.7,24.95,24.65,24.95,9900
1744096200,2025-04-08 12:40:00+05:30,25.45,25.85,24.85,25.2,4425
1744096500,2025-04-08 12:45:00+05:30,26.95,26.95,26.0,26.0,6750
1744096800,2025-04-08 12:50:00+05:30,26.4,27.0,26.4,26.85,5400
1744097100,2025-04-08 12:55:00+05:30,27.1,27.95,26.85,27.95,42300
1744097400,2025-04-08 13:00:00+05:30,28.95,29.7,27.4,28.2,32625
1744097700,2025-04-08 13:05:00+05:30,28.2,28.25,26.0,26.1,31125
1744098000,2025-04-08 13:10:00+05:30,26.4,26.4,26.25,26.25,1050
1744098300,2025-04-08 13:15:00+05:30,28.1,28.45,27.95,28.05,3225
1744098600,2025-04-08 13:20:00+05:30,27.6,27.7,26.6,26.7,6075
1744098900,2025-04-08 13:25:00+05:30,27.95,28.75,27.95,28.5,4500
1744099200,2025-04-08 13:30:00+05:30,29.6,30.75,29.15,30.05,19575
1744099500,2025-04-08 13:35:00+05:30,28.6,28.7,25.85,27.75,34875
1744099800,2025-04-08 13:40:00+05:30,26.5,27.5,25.3,26.45,14700
1744100100,2025-04-08 13:45:00+05:30,26.4,26.4,25.0,25.0,9000
1744100400,2025-04-08 13:50:00+05:30,24.85,24.85,24.85,24.85,150
1744100700,2025-04-08 13:55:00+05:30,24.1,24.95,24.0,24.8,2325
1744101000,2025-04-08 14:00:00+05:30,26.6,27.25,26.35,27.0,4050
1744101300,2025-04-08 14:05:00+05:30,25.75,26.85,25.15,26.75,5100
1744101600,2025-04-08 14:10:00+05:30,27.45,27.6,25.9,25.95,8925
1744101900,2025-04-08 14:15:00+05:30,27.0,27.15,26.65,26.95,8925
1744102200,2025-04-08 14:20:00+05:30,27.2,28.35,27.15,28.15,6975
1744102500,2025-04-08 14:25:00+05:30,28.25,29.7,27.3,29.1,11550
1744102800,2025-04-08 14:30:00+05:30,29.2,29.2,29.0,29.0,75
1744103100,2025-04-08 14:35:00+05:30,27.45,27.5,26.7,26.7,2400
1744103400,2025-04-08 14:40:00+05:30,27.55,27.85,27.5,27.75,1575
1744103700,2025-04-08 14:45:00+05:30,28.3,28.8,28.0,28.6,3750
1744104000,2025-04-08 14:50:00+05:30,27.55,28.05,26.95,27.85,3225
